season,week,celebrity_name,judge_percent,judge_rank,fan_vote_percent,fan_vote_rank,total_percent,total_rank,is_eliminated_this_week_percent,is_eliminated_this_week_rank
1,6,Kelly Monaco,0.505,1,0.5,2,1.005,3,0,1
1,6,John O'Hurley,0.495,2,0.5,1,0.995,3,1,0
2,4,Drew Lachey,0.177,1,0.154,2,0.331,3,0,0
2,4,Lisa Rinna,0.165,2,0.136,5,0.301,7,0,0
2,4,Stacy Keibler,0.165,2,0.154,3,0.319,5,0,0
2,4,Tia Carrere,0.158,4,0.126,7,0.284,11,0,0
2,4,Jerry Rice,0.152,5,0.154,1,0.306,6,0,0
2,4,George Hamilton,0.133,6,0.132,6,0.265,12,0,1
2,4,Master P,0.051,7,0.146,4,0.197,11,1,0
3,3,Monique Coleman,0.13,1,0.115,4,0.245,5,0,0
3,3,Vivica A. Fox,0.13,1,0.099,9,0.229,10,0,0
3,3,Sara Evans,0.121,3,0.109,6,0.23,9,0,0
3,3,Harry Hamlin,0.106,4,0.099,8,0.205,12,1,0
3,3,Joey Lawrence,0.106,4,0.116,3,0.222,7,0,0
3,3,Mario Lopez,0.106,4,0.123,1,0.229,5,0,0
3,3,Willa Ford,0.106,4,0.104,7,0.21,11,0,0
3,3,Jerry Springer,0.101,8,0.114,5,0.215,13,0,1
3,3,Emmitt Smith,0.092,9,0.123,2,0.215,11,0,0
3,4,Mario Lopez,0.146,1,0.144,1,0.29,2,0,0
3,4,Willa Ford,0.141,2,0.108,7,0.249,9,0,0
3,4,Joey Lawrence,0.136,3,0.131,3,0.267,6,0,0
3,4,Emmitt Smith,0.121,4,0.144,2,0.265,6,0,0
3,4,Monique Coleman,0.121,4,0.129,4,0.25,8,0,0
3,4,Vivica A. Fox,0.121,4,0.098,8,0.219,12,1,0
3,4,Jerry Springer,0.111,7,0.127,5,0.238,12,0,0
3,4,Sara Evans,0.101,8,0.118,6,0.219,14,0,1
4,1,Joey Fatone,0.117,1,0.093,4,0.21,5,0,0
4,1,Laila Ali,0.112,2,0.093,3,0.205,5,0,0
4,1,Apolo Anton Ohno,0.102,3,0.093,2,0.195,5,0,0
4,1,Ian Ziering,0.102,3,0.092,6,0.194,9,0,0
4,1,Paulina Porizkova,0.092,5,0.084,11,0.176,16,0,0
4,1,Shandi Finnessey,0.092,5,0.087,10,0.179,15,0,0
4,1,Heather Mills,0.087,7,0.091,8,0.178,15,0,0
4,1,John Ratzenberger,0.083,8,0.092,7,0.175,15,0,0
4,1,Clyde Drexler,0.078,9,0.093,1,0.171,10,0,0
4,1,Leeza Gibbons,0.073,10,0.09,9,0.163,19,0,1
4,1,Billy Ray Cyrus,0.063,11,0.092,5,0.155,16,1,0
4,2,Laila Ali,0.11,1,0.094,3,0.204,4,0,0
4,2,Apolo Anton Ohno,0.106,2,0.094,2,0.2,4,0,0
4,2,Heather Mills,0.098,3,0.091,8,0.189,11,0,0
4,2,Joey Fatone,0.098,3,0.094,4,0.192,7,0,0
4,2,Ian Ziering,0.09,5,0.093,6,0.183,11,0,0
4,2,Billy Ray Cyrus,0.086,6,0.093,5,0.179,11,0,0
4,2,John Ratzenberger,0.086,6,0.092,7,0.178,13,0,0
4,2,Leeza Gibbons,0.086,6,0.089,9,0.175,15,0,0
4,2,Paulina Porizkova,0.086,6,0.08,11,0.166,17,1,0
4,2,Shandi Finnessey,0.082,10,0.084,10,0.166,20,0,1
4,2,Clyde Drexler,0.073,11,0.095,1,0.168,12,0,0
4,6,Apolo Anton Ohno,0.165,1,0.158,1,0.323,2,0,0
4,6,Laila Ali,0.165,1,0.158,2,0.323,3,0,0
4,6,Joey Fatone,0.159,3,0.158,3,0.317,6,0,0
4,6,Ian Ziering,0.141,4,0.14,5,0.281,9,0,0
4,6,Heather Mills,0.135,5,0.111,7,0.246,12,1,0
4,6,Billy Ray Cyrus,0.124,6,0.141,4,0.265,10,0,0
4,6,John Ratzenberger,0.112,7,0.134,6,0.246,13,0,1
5,2,Helio Castroneves,0.113,1,0.094,3,0.207,4,0,0
5,2,Sabrina Bryan,0.109,2,0.091,8,0.2,10,0,0
5,2,Marie Osmond,0.101,3,0.094,2,0.195,5,0,0
5,2,Mel B,0.097,4,0.094,4,0.191,8,0,0
5,2,Albert Reed,0.088,5,0.072,11,0.16,16,1,0
5,2,Cameron Mathison,0.088,5,0.093,6,0.181,11,0,0
5,2,Floyd Mayweather Jr. ,0.088,5,0.089,10,0.177,15,0,0
5,2,Jane Seymour,0.088,5,0.092,7,0.18,12,0,0
5,2,Jennie Garth,0.088,5,0.093,5,0.181,10,0,0
5,2,Mark Cuban,0.076,10,0.091,9,0.167,19,0,1
5,2,Wayne Newton,0.063,11,0.097,1,0.16,12,0,0
5,6,Mel B,0.167,1,0.158,1,0.325,2,0,0
5,6,Helio Castroneves,0.156,2,0.158,2,0.314,4,0,0
5,6,Jennie Garth,0.15,3,0.14,4,0.29,7,0,0
5,6,Cameron Mathison,0.139,4,0.136,5,0.275,9,0,0
5,6,Sabrina Bryan,0.139,4,0.117,7,0.256,11,1,0
5,6,Marie Osmond,0.128,6,0.158,3,0.286,9,0,0
5,6,Jane Seymour,0.122,7,0.134,6,0.256,13,0,1
5,10,Mel B,0.357,1,0.333,3,0.69,4,0,1
5,10,Helio Castroneves,0.353,2,0.333,2,0.686,4,0,0
5,10,Marie Osmond,0.29,3,0.333,1,0.623,4,1,0
6,1,Kristi Yamaguchi,0.111,1,0.086,3,0.197,4,0,0
6,1,Mario,0.099,2,0.085,5,0.184,7,0,0
6,1,Priscilla Presley,0.099,2,0.084,8,0.183,10,0,0
6,1,Jason Taylor,0.091,4,0.086,1,0.177,5,0,0
6,1,Marlee Matlin,0.091,4,0.085,7,0.176,11,0,0
6,1,Cristian de la Fuente,0.086,6,0.086,2,0.172,8,0,0
6,1,Shannon Elizabeth,0.086,6,0.085,6,0.171,12,0,0
6,1,Marissa Jaret Winokur,0.074,8,0.085,4,0.159,12,0,0
6,1,Steve Guttenberg,0.074,8,0.082,10,0.156,18,0,0
6,1,Penn Jillette,0.066,10,0.076,12,0.142,22,0,1
6,1,Adam Carolla,0.062,11,0.083,9,0.145,20,0,0
6,1,Monica Seles,0.062,11,0.076,11,0.138,22,1,0
6,8,Cristian de la Fuente,0.213,1,0.225,2,0.438,3,0,0
6,8,Kristi Yamaguchi,0.206,2,0.225,3,0.431,5,0,0
6,8,Mario,0.199,3,0.155,5,0.354,8,1,0
6,8,Jason Taylor,0.195,4,0.225,1,0.42,5,0,0
6,8,Marissa Jaret Winokur,0.187,5,0.169,4,0.356,9,0,1
7,3,Brooke Burke,0.141,1,0.114,2,0.255,3,0,0
7,3,Warren Sapp,0.126,2,0.114,1,0.24,3,0,0
7,3,Maurice Greene,0.121,3,0.111,6,0.232,9,0,0
7,3,Lance Bass,0.111,4,0.114,3,0.225,7,0,0
7,3,Toni Braxton,0.111,4,0.107,8,0.218,12,0,0
7,3,Cody Linley,0.106,6,0.112,4,0.218,10,0,0
7,3,Susan Lucci,0.106,6,0.11,7,0.216,13,0,0
7,3,Rocco DiSpirito,0.101,8,0.106,9,0.207,17,0,1
7,3,Cloris Leachman,0.08,9,0.111,5,0.191,14,1,0
7,5,Brooke Burke,0.149,1,0.135,3,0.284,4,0,0
7,5,Cody Linley,0.144,2,0.125,4,0.269,6,0,0
7,5,Maurice Greene,0.138,3,0.123,5,0.261,8,0,0
7,5,Warren Sapp,0.128,4,0.135,2,0.263,6,0,0
7,5,Susan Lucci,0.113,5,0.12,6,0.233,11,0,0
7,5,Toni Braxton,0.113,5,0.11,8,0.223,13,1,0
7,5,Cloris Leachman,0.108,7,0.117,7,0.225,14,0,1
7,5,Lance Bass,0.108,7,0.135,1,0.243,8,0,0
8,1,Gilles Marini,0.099,1,0.078,4,0.177,5,0,0
8,1,Melissa Rycroft,0.095,2,0.078,5,0.173,7,0,0
8,1,Shawn Johnson,0.095,2,0.078,3,0.173,5,0,0
8,1,Lil' Kim,0.086,4,0.078,7,0.164,11,0,0
8,1,Chuck Wicks,0.082,5,0.078,8,0.16,13,0,0
8,1,David Alan Grier,0.078,6,0.077,10,0.155,16,0,0
8,1,Denise Richards,0.074,7,0.072,12,0.146,19,0,0
8,1,Holly Madison,0.074,7,0.076,11,0.15,18,0,0
8,1,Belinda Carlisle,0.07,9,0.071,13,0.141,22,0,1
8,1,Steve-O,0.07,9,0.08,1,0.15,10,0,0
8,1,Lawrence Taylor,0.066,11,0.078,9,0.144,20,0,0
8,1,Ty Murray,0.058,12,0.078,6,0.136,18,0,0
8,1,Steve Wozniak,0.053,13,0.079,2,0.132,15,1,0
8,5,Gilles Marini,0.138,1,0.118,2,0.256,3,0,0
8,5,Lil' Kim,0.124,2,0.111,6,0.235,8,0,0
8,5,Shawn Johnson,0.124,2,0.118,3,0.242,5,0,0
8,5,Melissa Rycroft,0.119,4,0.118,1,0.237,5,0,0
8,5,Chuck Wicks,0.11,5,0.11,7,0.22,12,0,0
8,5,David Alan Grier,0.105,6,0.093,9,0.198,15,1,0
8,5,Ty Murray,0.1,7,0.113,4,0.213,11,0,0
8,5,Lawrence Taylor,0.095,8,0.108,8,0.203,16,0,1
8,5,Steve-O,0.086,9,0.112,5,0.198,14,0,0
9,1,Joanna Krupa,0.084,1,0.064,4,0.148,5,0,0
9,1,Aaron Carter,0.079,2,0.064,5,0.143,7,0,0
9,1,Mya,0.076,3,0.065,2,0.141,5,0,0
9,1,Kelly Osbourne,0.076,4,0.065,1,0.141,5,0,0
9,1,Donny Osmond,0.074,5,0.065,3,0.139,8,0,0
9,1,Mark Dacascos,0.071,6,0.064,7,0.135,13,0,0
9,1,Louie Vito,0.067,7,0.064,8,0.131,15,0,0
9,1,Natalie Coughlin,0.067,7,0.064,9,0.131,16,0,0
9,1,Melissa Joan Hart,0.059,9,0.064,10,0.123,19,0,0
9,1,Chuck Liddell,0.054,10,0.063,11,0.117,21,0,0
9,1,Debi Mazar,0.054,10,0.061,14,0.115,24,0,0
9,1,Kathy Ireland,0.049,12,0.061,13,0.11,25,0,0
9,1,Tom DeLay,0.049,12,0.062,12,0.111,24,0,0
9,1,Michael Irvin,0.047,14,0.064,6,0.111,20,0,0
9,1,Ashley Hamiliton,0.047,15,0.054,15,0.101,30,1,0
9,1,Macy Gray,0.047,15,0.054,16,0.101,31,0,1
9,5,Donny Osmond,0.12,1,0.111,3,0.231,4,0,0
9,5,Mya,0.112,2,0.111,2,0.223,4,0,0
9,5,Mark Dacascos,0.107,3,0.095,7,0.202,10,0,0
9,5,Aaron Carter,0.099,4,0.101,5,0.2,9,0,0
9,5,Joanna Krupa,0.099,4,0.103,4,0.202,8,0,0
9,5,Kelly Osbourne,0.099,4,0.111,1,0.21,5,0,0
9,5,Melissa Joan Hart,0.095,7,0.091,10,0.186,17,0,1
9,5,Louie Vito,0.091,8,0.091,8,0.182,16,1,0
9,5,Natalie Coughlin,0.091,8,0.091,8,0.182,16,0,0
9,5,Michael Irvin,0.087,10,0.095,6,0.182,16,0,0
9,10,Donny Osmond,0.351,1,0.333,1,0.684,2,0,0
9,10,Mya,0.343,2,0.333,3,0.676,5,0,1
9,10,Kelly Osbourne,0.306,3,0.333,2,0.639,5,1,0
10,1,Nicole Scherzinger,0.12,1,0.093,3,0.213,4,0,0
10,1,Evan Lysacek,0.11,2,0.093,4,0.203,6,0,0
10,1,Erin Andrews,0.1,3,0.093,2,0.193,5,0,0
10,1,Pamela Anderson,0.1,3,0.092,7,0.192,10,0,0
10,1,Jake Pavelka,0.096,5,0.091,8,0.187,13,0,0
10,1,Chad Ochocinco,0.086,6,0.092,5,0.178,11,0,0
10,1,Niecy Nash,0.086,6,0.092,6,0.178,12,0,0
10,1,Shannen Doherty,0.086,6,0.075,11,0.161,17,1,0
10,1,Kate Gosselin,0.077,9,0.091,9,0.168,18,0,0
10,1,Aiden Turner,0.072,10,0.09,10,0.162,20,0,1
10,1,Buzz Aldrin,0.067,11,0.098,1,0.165,12,0,0
10,2,Nicole Scherzinger,0.127,1,0.094,4,0.221,5,0,0
10,2,Evan Lysacek,0.109,2,0.094,3,0.203,5,0,0
10,2,Erin Andrews,0.105,3,0.094,2,0.199,5,0,0
10,2,Pamela Anderson,0.1,4,0.092,7,0.192,11,0,0
10,2,Niecy Nash,0.095,5,0.093,6,0.188,11,0,0
10,2,Jake Pavelka,0.091,6,0.092,8,0.183,14,0,0
10,2,Shannen Doherty,0.091,6,0.066,11,0.157,17,1,0
10,2,Aiden Turner,0.086,8,0.089,10,0.175,18,0,0
10,2,Chad Ochocinco,0.073,9,0.093,5,0.166,14,0,0
10,2,Kate Gosselin,0.068,10,0.091,9,0.159,19,0,1
10,2,Buzz Aldrin,0.055,11,0.102,1,0.157,12,0,0
10,3,Evan Lysacek,0.128,1,0.103,2,0.231,3,0,0
10,3,Erin Andrews,0.113,2,0.103,1,0.216,3,0,0
10,3,Nicole Scherzinger,0.113,2,0.103,3,0.216,5,0,0
10,3,Jake Pavelka,0.103,4,0.098,8,0.201,12,0,0
10,3,Niecy Nash,0.103,4,0.1,5,0.203,9,0,0
10,3,Pamela Anderson,0.103,4,0.1,6,0.203,10,0,0
10,3,Aiden Turner,0.099,7,0.094,10,0.193,17,0,0
10,3,Chad Ochocinco,0.099,7,0.101,4,0.2,11,0,0
10,3,Kate Gosselin,0.074,9,0.097,9,0.171,18,0,1
10,3,Buzz Aldrin,0.064,10,0.099,7,0.163,17,1,0
10,7,Evan Lysacek,0.174,1,0.187,1,0.361,2,0,0
10,7,Nicole Scherzinger,0.174,1,0.187,2,0.361,3,0,0
10,7,Chad Ochocinco,0.167,3,0.155,4,0.322,7,0,0
10,7,Erin Andrews,0.164,4,0.187,3,0.351,7,0,0
10,7,Pamela Anderson,0.164,4,0.137,6,0.301,10,1,0
10,7,Niecy Nash,0.158,6,0.147,5,0.305,11,0,1
11,5,Brandy,0.148,1,0.126,5,0.274,6,0,0
11,5,Jennifer Grey,0.137,2,0.135,3,0.272,5,0,0
11,5,Kurt Warner,0.132,3,0.132,4,0.264,7,0,0
11,5,Rick Fox,0.132,3,0.12,6,0.252,9,0,0
11,5,Audrina Patridge,0.126,5,0.106,8,0.232,13,0,1
11,5,Florence Henderson,0.115,6,0.11,7,0.225,13,1,0
11,5,Kyle Massey,0.11,7,0.135,2,0.245,9,0,0
11,5,Bristol Palin,0.099,8,0.135,1,0.234,9,0,0
11,6,Brandy,0.174,1,0.14,5,0.314,6,0,0
11,6,Audrina Patridge,0.155,2,0.103,7,0.258,9,1,0
11,6,Rick Fox,0.145,3,0.13,6,0.275,9,0,0
11,6,Kyle Massey,0.145,4,0.158,3,0.303,7,0,0
11,6,Jennifer Grey,0.14,5,0.158,2,0.298,7,0,0
11,6,Bristol Palin,0.135,6,0.158,1,0.293,7,0,0
11,6,Kurt Warner,0.106,7,0.152,4,0.258,11,0,1
11,10,Jennifer Grey,0.361,1,0.333,3,0.694,4,0,1
11,10,Kyle Massey,0.329,2,0.333,2,0.662,4,0,0
11,10,Bristol Palin,0.309,3,0.333,1,0.642,4,1,0
13,2,Ricki Lake,0.103,1,0.094,3,0.197,4,0,0
13,2,J.R. Martinez,0.099,2,0.094,2,0.193,4,0,0
13,2,Kristin Cavallari,0.099,2,0.083,10,0.182,12,0,0
13,2,Chynna Phillips,0.094,4,0.089,9,0.183,13,0,0
13,2,Elisabetta Canalis,0.094,4,0.079,11,0.173,15,1,0
13,2,Nancy Grace,0.094,4,0.093,6,0.187,10,0,0
13,2,Rob Kardashian,0.094,4,0.094,4,0.188,8,0,0
13,2,Hope Solo,0.085,8,0.093,5,0.178,13,0,0
13,2,Carson Kressley,0.081,9,0.092,8,0.173,17,0,1
13,2,David Arquette,0.081,9,0.092,7,0.173,16,0,0
13,2,Chaz Bono,0.076,11,0.097,1,0.173,12,0,0
13,3,Ricki Lake,0.114,1,0.104,3,0.218,4,0,0
13,3,Chynna Phillips,0.11,2,0.095,9,0.205,11,0,0
13,3,J.R. Martinez,0.11,2,0.104,2,0.214,4,0,0
13,3,David Arquette,0.101,4,0.101,7,0.202,11,0,0
13,3,Hope Solo,0.101,4,0.102,5,0.203,9,0,0
13,3,Kristin Cavallari,0.101,4,0.082,10,0.183,14,1,0
13,3,Rob Kardashian,0.101,4,0.104,4,0.205,8,0,0
13,3,Carson Kressley,0.097,8,0.098,8,0.195,16,0,1
13,3,Nancy Grace,0.089,9,0.101,6,0.19,15,0,0
13,3,Chaz Bono,0.076,10,0.107,1,0.183,11,0,0
13,4,Ricki Lake,0.139,1,0.117,3,0.256,4,0,0
13,4,J.R. Martinez,0.124,2,0.117,1,0.241,3,0,0
13,4,Hope Solo,0.115,3,0.112,4,0.227,7,0,0
13,4,Rob Kardashian,0.115,3,0.117,2,0.232,5,0,0
13,4,David Arquette,0.11,5,0.11,7,0.22,12,0,0
13,4,Chaz Bono,0.1,6,0.112,5,0.212,11,0,0
13,4,Chynna Phillips,0.1,6,0.099,9,0.199,15,1,0
13,4,Nancy Grace,0.1,6,0.111,6,0.211,12,0,0
13,4,Carson Kressley,0.096,9,0.105,8,0.201,17,0,1
14,9,Maria Menounos,0.257,1,0.18,4,0.437,5,1,0
14,9,William Levy,0.252,2,0.273,2,0.525,4,0,0
14,9,Donald Driver,0.248,3,0.273,3,0.521,6,0,1
14,9,Katherine Jenkins,0.243,4,0.273,1,0.516,5,0,0
15,6,Apolo Anton Ohno,0.133,1,0.12,5,0.253,6,0,0
15,6,Sabrina Bryan,0.133,1,0.106,8,0.239,9,1,0
15,6,Melissa Rycroft,0.131,3,0.14,2,0.271,5,0,0
15,6,Shawn Johnson,0.124,4,0.14,1,0.264,5,0,0
15,6,Gilles Marini,0.122,5,0.117,6,0.239,11,0,0
15,6,Kirstie Alley,0.122,5,0.117,6,0.239,11,0,0
15,6,Kelly Monaco,0.119,7,0.14,3,0.259,10,0,0
15,6,Emmitt Smith,0.117,8,0.122,4,0.239,12,0,1
17,1,Amber Riley,0.105,1,0.084,5,0.189,6,0,0
17,1,Corbin Bleu,0.094,2,0.084,4,0.178,6,0,0
17,1,Elizabeth Berkley Lauren,0.094,2,0.084,6,0.178,8,0,0
17,1,Jack Osbourne,0.09,4,0.084,3,0.174,7,0,0
17,1,"Nicole ""Snooki"" Polizzi",0.09,4,0.084,8,0.174,12,0,0
17,1,Brant Daugherty,0.086,6,0.084,7,0.17,13,0,0
17,1,Christina Milian,0.086,6,0.083,9,0.169,15,0,0
17,1,Leah Remini,0.082,8,0.085,1,0.167,9,0,0
17,1,Valerie Harper,0.082,8,0.083,10,0.165,18,0,0
17,1,Bill Engvall,0.07,10,0.084,2,0.154,12,0,0
17,1,Keyshawn Johnson,0.066,11,0.079,12,0.145,23,0,1
17,1,Bill Nye,0.055,12,0.082,11,0.137,23,1,0
17,5,Christina Milian,0.119,1,0.093,9,0.212,10,1,0
17,5,Corbin Bleu,0.119,1,0.115,4,0.234,5,0,0
17,5,Brant Daugherty,0.115,3,0.11,7,0.225,10,0,0
17,5,Jack Osbourne,0.115,3,0.115,5,0.23,8,0,0
17,5,"Nicole ""Snooki"" Polizzi",0.115,3,0.109,8,0.224,11,0,0
17,5,Amber Riley,0.111,6,0.115,3,0.226,9,0,0
17,5,Elizabeth Berkley Lauren,0.111,6,0.112,6,0.223,12,0,1
17,5,Bill Engvall,0.102,8,0.115,2,0.217,10,0,0
17,5,Leah Remini,0.094,9,0.118,1,0.212,10,0,0
17,6,Amber Riley,0.139,1,0.129,2,0.268,3,0,0
17,6,Elizabeth Berkley Lauren,0.139,2,0.122,6,0.261,8,0,0
17,6,Brant Daugherty,0.134,3,0.119,7,0.253,10,0,0
17,6,"Nicole ""Snooki"" Polizzi",0.13,4,0.116,8,0.246,12,0,1
17,6,Leah Remini,0.121,5,0.127,5,0.248,10,0,0
17,6,Corbin Bleu,0.117,6,0.129,3,0.246,9,0,0
17,6,Jack Osbourne,0.117,7,0.129,4,0.246,11,0,0
17,6,Bill Engvall,0.104,8,0.129,1,0.233,9,1,0
17,11,Amber Riley,0.274,1,0.25,3,0.524,4,0,0
17,11,Corbin Bleu,0.259,2,0.25,4,0.509,6,0,1
17,11,Jack Osbourne,0.245,3,0.25,2,0.495,5,0,0
17,11,Bill Engvall,0.223,4,0.251,1,0.474,5,1,0
18,3,Meryl Davis,0.125,1,0.113,2,0.238,3,0,0
18,3,Amy Purdy,0.116,2,0.113,3,0.229,5,0,0
18,3,Charlie White,0.116,2,0.111,5,0.227,7,0,0
18,3,Danica McKellar,0.116,2,0.111,7,0.227,9,0,0
18,3,James Maslow,0.116,2,0.112,4,0.228,6,0,0
18,3,Cody Simpson,0.113,6,0.106,9,0.219,15,0,0
18,3,Candace Cameron Bure,0.103,7,0.113,1,0.216,8,0,0
18,3,NeNe Leakes,0.1,8,0.11,8,0.21,16,0,1
18,3,Drew Carey,0.096,9,0.111,6,0.207,15,1,0
19,5,Sadie Robertson,0.136,1,0.114,4,0.25,5,0,0
19,5,Alfonso Ribeiro,0.129,2,0.114,3,0.243,5,0,0
19,5,Lea Thompson,0.129,2,0.11,8,0.239,10,0,0
19,5,Janel Parrish,0.125,4,0.114,1,0.239,5,0,0
19,5,Bethany Mota,0.121,5,0.114,2,0.235,7,0,0
19,5,Antonio Sabato Jr.,0.106,6,0.11,7,0.216,13,0,0
19,5,Jonathan Bennett,0.091,7,0.105,9,0.196,16,0,1
19,5,Tommy Chong,0.087,8,0.112,5,0.199,13,0,0
19,5,Michael Waltrip,0.076,9,0.11,6,0.186,15,1,0
19,6,Alfonso Ribeiro,0.133,1,0.116,4,0.249,5,0,0
19,6,Bethany Mota,0.123,2,0.116,3,0.239,5,0,0
19,6,Sadie Robertson,0.119,3,0.116,2,0.235,5,0,0
19,6,Janel Parrish,0.113,4,0.116,1,0.229,5,0,0
19,6,Jonathan Bennett,0.109,5,0.096,9,0.205,14,1,0
19,6,Lea Thompson,0.109,5,0.109,8,0.218,13,0,0
19,6,Michael Waltrip,0.102,7,0.109,6,0.211,13,0,0
19,6,Antonio Sabato Jr.,0.096,8,0.109,7,0.205,15,0,1
19,6,Tommy Chong,0.096,8,0.113,5,0.209,13,0,0
19,11,Alfonso Ribeiro,0.256,1,0.25,2,0.506,3,0,0
19,11,Sadie Robertson,0.252,2,0.25,1,0.502,3,0,0
19,11,Janel Parrish,0.249,3,0.25,4,0.499,7,0,1
19,11,Bethany Mota,0.243,4,0.25,3,0.493,7,1,0
20,2,Nastia Liukin,0.098,1,0.085,5,0.183,6,0,0
20,2,Riker Lynch,0.092,2,0.086,2,0.178,4,0,0
20,2,Rumer Willis,0.092,2,0.086,4,0.178,6,0,0
20,2,Willow Shields,0.092,2,0.084,8,0.176,10,0,0
20,2,Redfoo,0.089,5,0.066,12,0.155,17,1,0
20,2,Michael Sam,0.081,6,0.082,10,0.163,16,0,0
20,2,Patti LaBelle,0.081,6,0.084,7,0.165,13,0,0
20,2,Robert Herjavec,0.081,6,0.085,6,0.166,12,0,0
20,2,Suzanne Somers,0.081,6,0.083,9,0.164,15,0,0
20,2,Noah Galloway,0.078,10,0.086,3,0.164,13,0,0
20,2,Charlotte McKinney,0.075,11,0.08,11,0.155,22,0,1
20,2,Chris Soules,0.061,12,0.094,1,0.155,13,0,0
20,4,Willow Shields,0.12,1,0.096,8,0.216,9,0,0
20,4,Nastia Liukin,0.111,2,0.101,5,0.212,7,0,0
20,4,Rumer Willis,0.108,3,0.106,3,0.214,6,0,0
20,4,Riker Lynch,0.105,4,0.106,1,0.211,5,0,0
20,4,Robert Herjavec,0.105,4,0.101,6,0.206,10,0,0
20,4,Noah Galloway,0.098,6,0.106,2,0.204,8,0,0
20,4,Michael Sam,0.092,7,0.089,10,0.181,17,1,0
20,4,Patti LaBelle,0.092,7,0.098,7,0.19,14,0,0
20,4,Suzanne Somers,0.086,9,0.095,9,0.181,18,0,1
20,4,Chris Soules,0.083,10,0.103,4,0.186,14,0,0
20,7,Nastia Liukin,0.161,1,0.138,4,0.299,5,0,0
20,7,Willow Shields,0.154,2,0.098,7,0.252,9,1,0
20,7,Noah Galloway,0.15,3,0.168,2,0.318,5,0,0
20,7,Riker Lynch,0.146,4,0.168,3,0.314,7,0,0
20,7,Rumer Willis,0.146,4,0.168,1,0.314,5,0,0
20,7,Chris Soules,0.122,6,0.13,5,0.252,11,0,1
20,7,Robert Herjavec,0.122,6,0.13,5,0.252,11,0,0
20,9,Nastia Liukin,0.255,1,0.18,4,0.435,5,1,0
20,9,Riker Lynch,0.255,1,0.273,3,0.528,4,0,0
20,9,Rumer Willis,0.248,3,0.273,1,0.521,4,0,0
20,9,Noah Galloway,0.242,4,0.273,2,0.515,6,0,1
21,3,Alexa PenaVega,0.118,1,0.1,7,0.218,8,0,0
21,3,Nick Carter,0.118,1,0.101,3,0.219,4,0,0
21,3,Alek Skarlatos,0.108,3,0.101,1,0.209,4,0,0
21,3,Tamar Braxton,0.108,3,0.1,6,0.208,9,0,0
21,3,Bindi Irwin,0.105,5,0.101,2,0.206,7,0,0
21,3,Carlos PenaVega,0.102,6,0.101,4,0.203,10,0,0
21,3,Hayes Grier,0.098,7,0.1,8,0.198,15,0,0
21,3,Andy Grammer,0.095,8,0.1,5,0.195,13,0,0
21,3,Gary Busey,0.082,9,0.096,10,0.178,19,0,1
21,3,Paula Deen,0.066,10,0.099,9,0.165,19,1,0
21,7,Bindi Irwin,0.131,1,0.136,3,0.267,4,0,0
21,7,Andy Grammer,0.127,2,0.116,5,0.243,7,0,0
21,7,Carlos PenaVega,0.127,2,0.135,4,0.262,6,0,0
21,7,Hayes Grier,0.127,2,0.11,8,0.237,10,1,0
21,7,Alexa PenaVega,0.124,5,0.115,7,0.239,12,0,1
21,7,Nick Carter,0.122,6,0.136,2,0.258,8,0,0
21,7,Tamar Braxton,0.122,6,0.115,6,0.237,12,0,0
21,7,Alek Skarlatos,0.12,8,0.137,1,0.257,9,0,0
21,8,Nick Carter,0.17,1,0.16,2,0.33,3,0,0
21,8,Carlos PenaVega,0.149,2,0.158,4,0.307,6,0,0
21,8,Bindi Irwin,0.144,3,0.16,3,0.304,6,0,0
21,8,Tamar Braxton,0.144,3,0.119,6,0.263,9,0,0
21,8,Alexa PenaVega,0.139,5,0.119,7,0.258,12,0,1
21,8,Alek Skarlatos,0.129,6,0.162,1,0.291,7,0,0
21,8,Andy Grammer,0.124,7,0.122,5,0.246,12,1,0
22,5,Nyle DiMarco,0.134,1,0.119,3,0.253,4,0,0
22,5,Jodie Sweetin,0.127,2,0.107,6,0.234,8,0,0
22,5,Ginger Zee,0.116,3,0.119,1,0.235,4,0,0
22,5,Paige VanZant,0.112,4,0.119,2,0.231,6,0,0
22,5,Wanya Morris,0.109,5,0.111,4,0.22,9,0,0
22,5,Von Miller,0.105,6,0.105,9,0.21,15,0,1
22,5,Doug Flutie,0.101,7,0.106,7,0.207,14,0,0
22,5,Kim Fields,0.101,7,0.105,8,0.206,15,0,0
22,5,Antonio Brown,0.094,9,0.109,5,0.203,14,1,0
22,7,Nyle DiMarco,0.131,1,0.152,3,0.283,4,0,0
22,7,Ginger Zee,0.129,2,0.152,1,0.281,3,0,0
22,7,Paige VanZant,0.129,2,0.152,2,0.281,4,0,0
22,7,Wanya Morris,0.129,2,0.123,4,0.252,6,0,0
22,7,Antonio Brown,0.121,5,0.117,5,0.238,10,0,0
22,7,Kim Fields,0.121,5,0.098,8,0.219,13,1,0
22,7,Von Miller,0.121,5,0.098,7,0.219,12,0,0
22,7,Jodie Sweetin,0.119,8,0.107,6,0.226,14,0,1
22,8,Ginger Zee,0.178,1,0.201,3,0.379,4,0,0
22,8,Jodie Sweetin,0.178,1,0.117,6,0.295,7,1,0
22,8,Nyle DiMarco,0.172,3,0.201,2,0.373,5,0,0
22,8,Paige VanZant,0.166,4,0.201,1,0.367,5,0,0
22,8,Antonio Brown,0.16,5,0.135,5,0.295,10,0,1
22,8,Wanya Morris,0.148,6,0.147,4,0.295,10,0,0
23,1,James Hinchcliffe,0.094,1,0.078,2,0.172,3,0,0
23,1,Laurie Hernandez,0.094,1,0.078,4,0.172,5,0,0
23,1,Jana Kramer,0.082,3,0.078,1,0.16,4,0,0
23,1,Marilu Henner,0.082,3,0.078,6,0.16,9,0,0
23,1,Babyface,0.079,5,0.076,12,0.155,17,0,0
23,1,Calvin Johnson Jr.,0.079,5,0.078,3,0.157,8,0,0
23,1,Terra Jole,0.076,7,0.078,5,0.154,12,0,0
23,1,Vanilla Ice,0.076,7,0.076,11,0.152,18,0,0
23,1,Amber Rose,0.073,9,0.077,9,0.15,18,0,0
23,1,Ryan Lochte,0.073,9,0.078,7,0.151,16,0,0
23,1,Jake T. Austin,0.067,11,0.073,13,0.14,24,0,1
23,1,Maureen McCormick,0.067,11,0.078,8,0.145,19,0,0
23,1,Rick Perry,0.061,13,0.076,10,0.137,23,1,0
23,8,James Hinchcliffe,0.174,1,0.153,2,0.327,3,0,0
23,8,Laurie Hernandez,0.164,2,0.153,4,0.317,6,0,0
23,8,Calvin Johnson Jr.,0.149,3,0.153,3,0.302,6,0,0
23,8,Jana Kramer,0.149,3,0.153,1,0.302,4,0,0
23,8,Ryan Lochte,0.129,5,0.118,7,0.247,12,1,0
23,8,Terra Jole,0.119,6,0.136,5,0.255,11,0,0
23,8,Marilu Henner,0.114,7,0.133,6,0.247,13,0,1
23,10,Laurie Hernandez,0.205,1,0.211,3,0.416,4,0,0
23,10,Terra Jole,0.205,1,0.156,5,0.361,6,1,0
23,10,James Hinchcliffe,0.201,3,0.211,2,0.412,5,0,0
23,10,Jana Kramer,0.198,4,0.211,1,0.409,5,0,0
23,10,Calvin Johnson Jr.,0.191,5,0.211,4,0.402,9,0,1
23,11,Laurie Hernandez,0.258,1,0.25,2,0.508,3,0,0
23,11,James Hinchcliffe,0.256,2,0.25,3,0.506,5,0,0
23,11,Calvin Johnson Jr.,0.252,3,0.25,4,0.502,7,0,1
23,11,Jana Kramer,0.233,4,0.25,1,0.483,5,1,0
24,6,Heather Morris,0.138,1,0.095,8,0.233,9,1,0
24,6,Normani,0.134,2,0.143,3,0.277,5,0,0
24,6,Rashad Jennings,0.13,3,0.143,1,0.273,4,0,0
24,6,Simone Biles,0.128,4,0.126,4,0.254,8,0,0
24,6,Nancy Kerrigan,0.125,5,0.108,7,0.233,12,0,0
24,6,Bonner Bolton,0.117,6,0.122,5,0.239,11,0,0
24,6,David Ross,0.115,7,0.143,2,0.258,9,0,0
24,6,Nick Viall,0.113,8,0.12,6,0.233,14,0,1
24,7,Normani,0.166,1,0.17,3,0.336,4,0,0
24,7,Rashad Jennings,0.154,2,0.17,1,0.324,3,0,0
24,7,Simone Biles,0.154,2,0.139,4,0.293,6,0,0
24,7,Nancy Kerrigan,0.142,4,0.105,7,0.247,11,1,0
24,7,Nick Viall,0.134,5,0.113,6,0.247,11,0,0
24,7,David Ross,0.126,6,0.17,2,0.296,8,0,0
24,7,Bonner Bolton,0.123,7,0.132,5,0.255,12,0,1
24,9,Simone Biles,0.264,1,0.179,4,0.443,5,1,0
24,9,Rashad Jennings,0.254,2,0.274,2,0.528,4,0,0
24,9,Normani,0.251,3,0.274,1,0.525,4,0,0
24,9,David Ross,0.231,4,0.274,3,0.505,7,0,1
26,1,Adam Rippon,0.114,1,0.142,2,0.256,3,0,0
26,1,Josh Norman,0.114,1,0.142,1,0.256,2,0,0
26,1,Mirai Nagasu,0.11,3,0.087,5,0.197,8,0,0
26,1,Tonya Harding,0.11,3,0.142,3,0.252,6,0,0
26,1,Chris Mazdzer,0.1,5,0.087,6,0.187,11,0,0
26,1,Jennie Finch Daigle,0.1,5,0.089,4,0.189,9,0,0
26,1,Arike Ogunbowale,0.095,7,0.081,8,0.176,15,0,0
26,1,Jamie Anderson,0.09,8,0.072,10,0.162,18,0,1
26,1,Johnny Damon,0.086,9,0.072,9,0.158,18,1,0
26,1,Kareem Abdul-Jabbar,0.081,10,0.085,7,0.166,17,0,0
26,3,Adam Rippon,0.194,1,0.234,1,0.428,2,0,0
26,3,Josh Norman,0.18,2,0.234,2,0.414,4,0,0
26,3,Mirai Nagasu,0.166,3,0.098,5,0.264,8,0,0
26,3,Tonya Harding,0.166,3,0.234,3,0.4,6,0,0
26,3,Chris Mazdzer,0.156,5,0.098,6,0.254,11,0,1
26,3,Jennie Finch Daigle,0.137,6,0.101,4,0.238,10,1,0
26,4,Adam Rippon,0.339,1,0.333,1,0.672,2,0,0
26,4,Josh Norman,0.333,2,0.333,3,0.666,5,0,1
26,4,Tonya Harding,0.327,3,0.333,2,0.66,5,1,0
27,4,Milo Manheim,0.125,1,0.105,2,0.23,3,0,0
27,4,Mary Lou Retton,0.112,2,0.095,9,0.207,11,0,0
27,4,Tinashe,0.112,2,0.071,10,0.183,12,1,0
27,4,Alexis Ren,0.108,4,0.105,4,0.213,8,0,0
27,4,Evanna Lynch,0.103,5,0.105,3,0.208,8,0,0
27,4,Juan Pablo Di Pace,0.103,5,0.099,7,0.202,12,0,0
27,4,DeMarcus Ware,0.095,7,0.098,8,0.193,15,0,1
27,4,John Schneider,0.091,8,0.1,6,0.191,14,0,0
27,4,Bobby Bones,0.086,9,0.105,5,0.191,14,0,0
27,4,Joe Amabile,0.065,10,0.118,1,0.183,11,0,0
27,5,Alexis Ren,0.131,1,0.117,3,0.248,4,0,0
27,5,Juan Pablo Di Pace,0.131,1,0.106,7,0.237,8,0,0
27,5,Milo Manheim,0.122,3,0.117,1,0.239,4,0,0
27,5,DeMarcus Ware,0.117,4,0.104,8,0.221,12,0,0
27,5,Mary Lou Retton,0.113,5,0.097,9,0.21,14,0,1
27,5,Evanna Lynch,0.108,6,0.117,2,0.225,8,0,0
27,5,John Schneider,0.108,6,0.108,6,0.216,12,0,0
27,5,Bobby Bones,0.095,8,0.117,4,0.212,12,0,0
27,5,Joe Amabile,0.077,9,0.117,5,0.194,14,1,0
28,1,James Van Der Beek,0.107,1,0.083,9,0.19,10,0,0
28,1,Hannah Brown,0.102,2,0.089,2,0.191,4,0,0
28,1,Lauren Alaina,0.096,3,0.084,7,0.18,10,0,0
28,1,Sailor Brinkley-Cook,0.091,4,0.081,10,0.172,14,0,0
28,1,Karamo Brown,0.086,5,0.086,4,0.172,9,0,0
28,1,Mary Wilson,0.086,5,0.074,12,0.16,17,0,0
28,1,Ally Brooke,0.081,7,0.086,5,0.167,12,0,0
28,1,Kel Mitchell,0.081,7,0.084,6,0.165,13,0,0
28,1,Kate Flannery,0.076,9,0.083,8,0.159,17,0,0
28,1,Ray Lewis,0.076,9,0.074,11,0.15,20,0,1
28,1,Sean Spicer,0.061,11,0.091,1,0.152,12,0,0
28,1,Lamar Odom,0.056,12,0.087,3,0.143,15,1,0
28,2,Hannah Brown,0.11,1,0.092,2,0.202,3,0,0
28,2,Kate Flannery,0.096,2,0.082,8,0.178,10,0,0
28,2,Ally Brooke,0.091,3,0.087,5,0.178,8,0,0
28,2,James Van Der Beek,0.091,3,0.082,9,0.173,12,0,0
28,2,Kel Mitchell,0.091,3,0.084,7,0.175,10,0,0
28,2,Karamo Brown,0.087,6,0.087,4,0.174,10,0,0
28,2,Lauren Alaina,0.087,6,0.084,6,0.171,12,0,0
28,2,Sailor Brinkley-Cook,0.082,8,0.079,10,0.161,18,0,0
28,2,Sean Spicer,0.073,9,0.095,1,0.168,10,0,0
28,2,Mary Wilson,0.068,10,0.068,11,0.136,21,1,0
28,2,Ray Lewis,0.068,10,0.068,12,0.136,22,0,1
28,2,Lamar Odom,0.055,12,0.09,3,0.145,15,0,0
28,4,Ally Brooke,0.113,1,0.107,3,0.22,4,0,0
28,4,Hannah Brown,0.113,1,0.123,2,0.236,3,0,0
28,4,Kel Mitchell,0.113,1,0.095,6,0.208,7,0,0
28,4,Lauren Alaina,0.113,1,0.095,5,0.208,6,0,0
28,4,Sailor Brinkley-Cook,0.11,5,0.075,10,0.185,15,0,0
28,4,James Van Der Beek,0.099,6,0.086,8,0.185,14,0,0
28,4,Karamo Brown,0.099,6,0.107,4,0.206,10,0,0
28,4,Kate Flannery,0.092,8,0.086,9,0.178,17,0,1
28,4,Sean Spicer,0.074,9,0.135,1,0.209,10,0,0
28,4,Lamar Odom,0.071,10,0.092,7,0.163,17,1,0
29,1,Justina Machado,0.081,1,0.067,5,0.148,6,0,0
29,1,Skai Jackson,0.081,1,0.067,2,0.148,3,0,0
29,1,Kaitlyn Bristowe,0.077,3,0.067,4,0.144,7,0,0
29,1,Nev Schulman,0.077,3,0.067,3,0.144,6,0,0
29,1,Monica Aldama,0.073,5,0.067,8,0.14,13,0,0
29,1,AJ McLean,0.069,6,0.067,6,0.136,12,0,0
29,1,Anne Heche,0.069,6,0.066,13,0.135,19,0,0
29,1,Jeannie Mai,0.069,6,0.067,9,0.136,15,0,0
29,1,Jesse Metcalfe,0.069,6,0.067,12,0.136,18,0,0
29,1,Johnny Weir,0.069,6,0.067,7,0.136,13,0,0
29,1,Veron Davis,0.065,11,0.067,11,0.132,22,0,0
29,1,Nelly,0.062,12,0.067,1,0.129,13,0,0
29,1,Chrishell Stause,0.05,13,0.067,10,0.117,23,0,0
29,1,Charles Oakley,0.046,14,0.065,15,0.111,29,0,1
29,1,Carole Baskin,0.042,15,0.066,14,0.108,29,1,0
29,11,Justina Machado,0.253,1,0.248,4,0.501,5,0,1
29,11,Kaitlyn Bristowe,0.253,1,0.248,3,0.501,4,0,0
29,11,Nev Schulman,0.253,1,0.248,2,0.501,3,0,0
29,11,Nelly,0.241,4,0.256,1,0.497,5,1,0
30,2,Amanda Kloots,0.083,1,0.0,14,0.083,15,0,0
30,2,JoJo Siwa,0.081,2,0.303,2,0.384,4,0,0
30,2,Melanie C,0.078,3,0.0,10,0.078,13,0,0
30,2,Suni Lee,0.073,4,0.027,6,0.1,10,0,0
30,2,Jimmie Allen,0.07,5,0.0,11,0.07,16,0,0
30,2,Melora Hardin,0.07,5,0.011,7,0.081,12,0,0
30,2,Olivia Jade,0.07,5,0.0,9,0.07,14,0,0
30,2,"Mike ""The Miz"" Mizanin",0.068,8,0.32,1,0.388,9,0,0
30,2,Iman Shumpert,0.065,9,0.093,5,0.158,14,0,0
30,2,Christine Chiu,0.062,10,0.104,4,0.166,14,0,0
30,2,Cody Rigsby,0.062,10,0.144,3,0.206,13,0,0
30,2,Kenya Moore,0.062,10,0.0,13,0.062,23,0,0
30,2,Brian Austin Green,0.06,13,0.0,8,0.06,21,0,0
30,2,Matt James,0.057,14,0.0,14,0.057,28,0,1
30,2,Martin Kove,0.039,15,0.0,12,0.039,27,1,0
30,6,Iman Shumpert,0.11,1,0.0,10,0.11,11,0,0
30,6,JoJo Siwa,0.11,1,0.72,1,0.83,2,0,0
30,6,Amanda Kloots,0.104,3,0.0,8,0.104,11,0,0
30,6,Jimmie Allen,0.104,3,0.0,7,0.104,10,0,0
30,6,Cody Rigsby,0.099,5,0.115,2,0.214,7,0,0
30,6,Olivia Jade,0.099,5,0.066,3,0.165,8,0,0
30,6,Suni Lee,0.099,5,0.048,5,0.147,10,0,0
30,6,Melora Hardin,0.093,8,0.0,6,0.093,14,1,0
30,6,"Mike ""The Miz"" Mizanin",0.093,8,0.0,9,0.093,17,0,1
30,6,Kenya Moore,0.088,10,0.051,4,0.139,14,0,0
30,7,Olivia Jade,0.128,1,0.0,7,0.128,8,0,0
30,7,JoJo Siwa,0.119,2,0.0,6,0.119,8,0,0
30,7,Jimmie Allen,0.116,3,0.0,8,0.116,11,0,0
30,7,Melora Hardin,0.116,3,0.353,1,0.469,4,0,0
30,7,Cody Rigsby,0.11,5,0.264,3,0.374,8,0,0
30,7,Amanda Kloots,0.104,6,0.0,5,0.104,11,1,0
30,7,Iman Shumpert,0.104,6,0.299,2,0.403,8,0,0
30,7,Suni Lee,0.104,6,0.0,9,0.104,15,0,1
30,7,"Mike ""The Miz"" Mizanin",0.098,9,0.085,4,0.183,13,0,0
31,4,Charli D'Amelio,0.088,1,0.071,4,0.159,5,0,0
31,4,Gabby Windey,0.088,1,0.071,5,0.159,6,0,0
31,4,Wayne Brady,0.088,1,0.071,6,0.159,7,0,0
31,4,Heidi D'Amelio,0.083,4,0.07,10,0.153,14,0,0
31,4,Jordin Sparks,0.083,4,0.087,3,0.17,7,0,0
31,4,Selma Blair,0.078,6,0.042,13,0.12,19,1,0
31,4,Shangela,0.078,6,0.071,7,0.149,13,0,0
31,4,Jessie James Decker,0.076,8,0.069,11,0.145,19,0,0
31,4,Daniel Durant,0.071,9,0.111,2,0.182,11,0,0
31,4,Vinny Guadagnino,0.071,9,0.128,1,0.199,10,0,0
31,4,Joseph Baena,0.068,11,0.067,12,0.135,23,0,1
31,4,Trevor Donovan,0.068,11,0.07,9,0.138,20,0,0
31,4,Sam Champion,0.061,13,0.071,8,0.132,21,0,0
31,5,Charli D'Amelio,0.094,1,0.071,4,0.165,5,0,0
31,5,Gabby Windey,0.091,2,0.071,5,0.162,7,0,0
31,5,Wayne Brady,0.091,2,0.071,7,0.162,9,0,0
31,5,Selma Blair,0.089,4,0.0,12,0.089,16,1,0
31,5,Heidi D'Amelio,0.087,5,0.068,9,0.155,14,0,0
31,5,Shangela,0.086,6,0.071,6,0.157,12,0,0
31,5,Jessie James Decker,0.08,7,0.068,10,0.148,17,0,0
31,5,Trevor Donovan,0.08,7,0.069,8,0.149,15,0,0
31,5,Jordin Sparks,0.079,9,0.107,3,0.186,12,0,0
31,5,Joseph Baena,0.078,10,0.062,11,0.14,21,0,1
31,5,Daniel Durant,0.075,11,0.154,2,0.229,13,0,0
31,5,Vinny Guadagnino,0.069,12,0.187,1,0.256,13,0,0
32,9,Jason Mraz,0.195,1,0.172,1,0.367,2,0,0
32,9,Xochitl Gomez,0.186,2,0.163,6,0.349,8,0,0
32,9,Charity Lawson,0.172,3,0.163,4,0.335,7,0,0
32,9,Ariana Madix,0.167,4,0.163,5,0.33,9,0,1
32,9,Alyson Hannigan,0.145,5,0.168,3,0.313,8,0,0
32,9,Harry Jowsey,0.136,6,0.171,2,0.307,8,1,0
32,10,Xochitl Gomez,0.211,1,0.198,5,0.409,6,0,0
32,10,Charity Lawson,0.207,2,0.198,3,0.405,5,0,0
32,10,Ariana Madix,0.204,3,0.198,4,0.402,7,0,1
32,10,Jason Mraz,0.2,4,0.204,1,0.404,5,0,0
32,10,Alyson Hannigan,0.179,5,0.202,2,0.381,7,1,0
32,11,Jason Mraz,0.206,1,0.203,1,0.409,2,0,0
32,11,Xochitl Gomez,0.206,1,0.198,5,0.404,6,0,0
32,11,Ariana Madix,0.203,3,0.198,4,0.401,7,0,1
32,11,Charity Lawson,0.203,3,0.198,3,0.401,6,0,0
32,11,Alyson Hannigan,0.182,5,0.201,2,0.383,7,1,0
33,5,Chandler Kinney,0.134,1,0.124,5,0.258,6,0,0
33,5,Ilona Maher,0.129,2,0.16,1,0.289,3,0,0
33,5,Joey Graziadei,0.129,2,0.124,4,0.253,6,0,0
33,5,Danny Amendola,0.126,4,0.124,6,0.25,10,0,0
33,5,Jenn Tran,0.126,4,0.086,8,0.212,12,1,0
33,5,Dwight Howard ,0.119,6,0.152,2,0.271,8,0,0
33,5,Phaedra Parks,0.119,6,0.104,7,0.223,13,0,1
33,5,Stephen Nedoroscik,0.119,6,0.124,3,0.243,9,0,0
33,9,Chandler Kinney,0.206,1,0.195,4,0.401,5,0,0
33,9,Joey Graziadei,0.203,2,0.195,3,0.398,5,0,0
33,9,Stephen Nedoroscik,0.203,2,0.195,5,0.398,7,0,1
33,9,Ilona Maher,0.196,4,0.219,1,0.415,5,0,0
33,9,Danny Amendola,0.192,5,0.195,2,0.387,7,1,0
34,3,Jordan Chiles,0.093,1,0.082,6,0.175,7,0,0
34,3,Whitney Leavitt,0.093,1,0.082,9,0.175,10,0,0
34,3,Alix Earle,0.089,3,0.082,8,0.171,11,0,0
34,3,Dylan Efron,0.089,3,0.083,4,0.172,7,0,0
34,3,Hilaria Baldwin,0.086,5,0.052,12,0.138,17,1,0
34,3,Robert Irwin,0.086,5,0.082,7,0.168,12,0,0
34,3,Scott Hoying,0.086,5,0.091,2,0.177,7,0,0
34,3,Danielle Fishel,0.082,8,0.091,3,0.173,11,0,0
34,3,Elaine Hendrix,0.082,8,0.082,5,0.164,13,0,0
34,3,Jen Affleck,0.074,10,0.081,10,0.155,20,0,0
34,3,Andy Richter,0.07,11,0.114,1,0.184,12,0,0
34,3,Lauren Jauregui,0.07,11,0.077,11,0.147,22,0,1
34,6,Jordan Chiles,0.115,1,0.1,3,0.215,4,0,0
34,6,Whitney Leavitt,0.115,1,0.093,9,0.208,10,0,0
34,6,Danielle Fishel,0.106,3,0.099,7,0.205,10,0,0
34,6,Elaine Hendrix,0.106,3,0.1,4,0.206,7,0,0
34,6,Robert Irwin,0.106,3,0.1,6,0.206,9,0,0
34,6,Alix Earle,0.103,6,0.1,5,0.203,11,0,0
34,6,Dylan Efron,0.094,7,0.108,2,0.202,9,0,0
34,6,Jen Affleck,0.094,7,0.086,10,0.18,17,0,1
34,6,Scott Hoying,0.082,9,0.094,8,0.176,17,1,0
34,6,Andy Richter,0.079,10,0.12,1,0.199,11,0,0
34,10,Robert Irwin,0.172,1,0.167,2,0.339,3,0,0
34,10,Alix Earle,0.169,2,0.167,3,0.336,5,0,0
34,10,Whitney Leavitt,0.169,2,0.066,6,0.235,8,1,0
34,10,Elaine Hendrix,0.166,4,0.167,5,0.333,9,0,1
34,10,Jordan Chiles,0.166,4,0.167,4,0.333,8,0,0
34,10,Dylan Efron,0.16,6,0.265,1,0.425,7,0,0
