season,week,celebrity_name,concentration
1,1,Evander Holyfield,0.1642948725322261
1,1,Joey McIntyre,0.23850904656445698
1,1,John O'Hurley,0.17009925074765375
1,1,Kelly Monaco,0.1945683295899744
1,1,Rachel Hunter,0.1628504148412438
1,1,Trista Sutter,0.22398947771748834
1,2,Evander Holyfield,0.1635652288753159
1,2,Joey McIntyre,0.1939022588434797
1,2,John O'Hurley,0.16281666068570974
1,2,Kelly Monaco,0.18541349029284487
1,2,Rachel Hunter,0.21312851362995344
1,2,Trista Sutter,0.10213961664705798
1,3,Evander Holyfield,0.21498130797933507
1,3,Joey McIntyre,0.26102587781452546
1,3,John O'Hurley,0.19747457458485673
1,3,Kelly Monaco,0.2237289392145094
1,3,Rachel Hunter,0.20509298324586955
1,4,Joey McIntyre,0.29168502139942354
1,4,John O'Hurley,0.16670446853701043
1,4,Kelly Monaco,0.2911520984185272
1,4,Rachel Hunter,0.09132356137642764
1,5,Joey McIntyre,0.2493227421364294
1,5,John O'Hurley,0.384551444203203
1,5,Kelly Monaco,0.2952677795183712
1,6,John O'Hurley,0.7108435358535199
1,6,Kelly Monaco,0.7108435358535198
2,1,Drew Lachey,0.12836768472440652
2,1,George Hamilton,0.11453029794823757
2,1,Giselle Fernandez,0.1280639336122532
2,1,Jerry Rice,0.12157087838364411
2,1,Kenny Mayne,0.10984669930964763
2,1,Lisa Rinna,0.11444775353489216
2,1,Master P,0.1269597197348835
2,1,Stacy Keibler,0.09685031870353904
2,1,Tatum O'Neal,0.12790420023963123
2,1,Tia Carrere,0.11447131989316706
2,2,Drew Lachey,0.11982313743983751
2,2,George Hamilton,0.11565816389045702
2,2,Giselle Fernandez,0.11845081198073049
2,2,Jerry Rice,0.1359741397345803
2,2,Lisa Rinna,0.14878154113626246
2,2,Master P,0.13453588285091755
2,2,Stacy Keibler,0.13475187311173925
2,2,Tatum O'Neal,0.12399550446699956
2,2,Tia Carrere,0.14571324321257745
2,3,Drew Lachey,0.13748013401190984
2,3,George Hamilton,0.1634135685501999
2,3,Giselle Fernandez,0.07802482795824225
2,3,Jerry Rice,0.1443269874468477
2,3,Lisa Rinna,0.1477895598147752
2,3,Master P,0.13062476987326987
2,3,Stacy Keibler,0.15090169808521509
2,3,Tia Carrere,0.16368798157732595
2,4,Drew Lachey,0.18333050488528566
2,4,George Hamilton,0.15113282836407074
2,4,Jerry Rice,0.1554960024006885
2,4,Lisa Rinna,0.15105335510603993
2,4,Master P,0.19192629230063177
2,4,Stacy Keibler,0.1467640918691146
2,4,Tia Carrere,0.16757567135833756
2,5,Drew Lachey,0.22354375000245832
2,5,George Hamilton,0.18370277230848836
2,5,Jerry Rice,0.19507948354710483
2,5,Lisa Rinna,0.2168824426201769
2,5,Stacy Keibler,0.15260593854876822
2,5,Tia Carrere,0.15097475207347577
2,6,Drew Lachey,0.23555587239990816
2,6,George Hamilton,0.1621945743496424
2,6,Jerry Rice,0.2513948553152524
2,6,Lisa Rinna,0.18113480557784312
2,6,Stacy Keibler,0.19777086859615978
2,7,Drew Lachey,0.24728475132191882
2,7,Jerry Rice,0.2612057650584949
2,7,Lisa Rinna,0.17312761819965194
2,7,Stacy Keibler,0.3316702908388589
2,8,Drew Lachey,0.28489023948852044
2,8,Jerry Rice,0.2498702072108518
2,8,Stacy Keibler,0.32300592634972525
3,1,Emmitt Smith,0.09777721239775498
3,1,Harry Hamlin,0.10676204840380475
3,1,Jerry Springer,0.118191940093172
3,1,Joey Lawrence,0.10489916405247501
3,1,Mario Lopez,0.09132980030922166
3,1,Monique Coleman,0.09007900863411647
3,1,Sara Evans,0.10655801216809885
3,1,Shanna Moakler,0.08551452219618125
3,1,Tucker Carlson,0.08188783302819441
3,1,Vivica A. Fox,0.08893658749527121
3,1,Willa Ford,0.09160371506747446
3,2,Emmitt Smith,0.08680832238578812
3,2,Harry Hamlin,0.11440772545234817
3,2,Jerry Springer,0.13858632003237348
3,2,Joey Lawrence,0.10574427255981927
3,2,Mario Lopez,0.09065797276609039
3,2,Monique Coleman,0.12036056398434747
3,2,Sara Evans,0.13739350622631025
3,2,Shanna Moakler,0.08165096016979159
3,2,Vivica A. Fox,0.11732922442226555
3,2,Willa Ford,0.12000103025639752
3,3,Emmitt Smith,0.10746303644624872
3,3,Harry Hamlin,0.09066309713955148
3,3,Jerry Springer,0.12960108817720076
3,3,Joey Lawrence,0.1177978620787759
3,3,Mario Lopez,0.0956326652575101
3,3,Monique Coleman,0.12258419652685926
3,3,Sara Evans,0.1216804890321803
3,3,Vivica A. Fox,0.11930958221074382
3,3,Willa Ford,0.13613797958485913
3,4,Emmitt Smith,0.11867071865421903
3,4,Jerry Springer,0.1372999455590287
3,4,Joey Lawrence,0.14083430998422203
3,4,Mario Lopez,0.14053897132382837
3,4,Monique Coleman,0.15308037777060854
3,4,Sara Evans,0.10114977672452008
3,4,Vivica A. Fox,0.10040237854952683
3,4,Willa Ford,0.11750779340001458
3,5,Emmitt Smith,0.1337320248681092
3,5,Jerry Springer,0.13451708552042746
3,5,Joey Lawrence,0.1654493326827341
3,5,Mario Lopez,0.12290598825808653
3,5,Monique Coleman,0.16231240774612746
3,5,Sara Evans,0.18836307918910755
3,5,Willa Ford,0.18250822210674938
3,6,Emmitt Smith,0.13755503835958421
3,6,Jerry Springer,0.20424190455231384
3,6,Joey Lawrence,0.2040718347987302
3,6,Mario Lopez,0.2915169400477128
3,6,Monique Coleman,0.21556761448538203
3,7,Emmitt Smith,0.131669492934402
3,7,Jerry Springer,0.1610427005211067
3,7,Joey Lawrence,0.2047958130150021
3,7,Mario Lopez,0.20688218708638056
3,7,Monique Coleman,0.18600560852069078
3,8,Emmitt Smith,0.20192845454945846
3,8,Joey Lawrence,0.1625125703608142
3,8,Mario Lopez,0.27430035857799884
3,8,Monique Coleman,0.1340394259291921
3,9,Emmitt Smith,0.22061788898340007
3,9,Joey Lawrence,0.17637826813243418
3,9,Mario Lopez,0.21950853882509966
3,10,Emmitt Smith,0.23456969901425018
3,10,Mario Lopez,0.23456969901425018
4,1,Apolo Anton Ohno,0.0
4,1,Billy Ray Cyrus,0.0
4,1,Clyde Drexler,0.0
4,1,Heather Mills,0.0
4,1,Ian Ziering,0.0
4,1,Joey Fatone,0.0
4,1,John Ratzenberger,0.0
4,1,Laila Ali,0.0
4,1,Leeza Gibbons,0.0
4,1,Paulina Porizkova,0.0
4,1,Shandi Finnessey,0.0
4,2,Apolo Anton Ohno,0.0
4,2,Billy Ray Cyrus,0.0
4,2,Clyde Drexler,0.0
4,2,Heather Mills,0.0
4,2,Ian Ziering,0.0
4,2,Joey Fatone,0.0
4,2,John Ratzenberger,0.0
4,2,Laila Ali,0.0
4,2,Leeza Gibbons,0.0
4,2,Paulina Porizkova,0.0
4,2,Shandi Finnessey,0.0
4,3,Apolo Anton Ohno,0.0
4,3,Billy Ray Cyrus,0.0
4,3,Clyde Drexler,0.0
4,3,Heather Mills,0.0
4,3,Ian Ziering,0.0
4,3,Joey Fatone,0.0
4,3,John Ratzenberger,0.0
4,3,Laila Ali,0.0
4,3,Leeza Gibbons,0.0
4,3,Shandi Finnessey,0.0
4,4,Apolo Anton Ohno,0.0
4,4,Billy Ray Cyrus,0.0
4,4,Clyde Drexler,0.0
4,4,Heather Mills,0.0
4,4,Ian Ziering,0.0
4,4,Joey Fatone,0.0
4,4,John Ratzenberger,0.0
4,4,Laila Ali,0.0
4,4,Leeza Gibbons,0.0
4,5,Apolo Anton Ohno,0.0
4,5,Billy Ray Cyrus,0.0
4,5,Clyde Drexler,0.0
4,5,Heather Mills,0.0
4,5,Ian Ziering,0.0
4,5,Joey Fatone,0.0
4,5,John Ratzenberger,0.0
4,5,Laila Ali,0.0
4,6,Apolo Anton Ohno,0.0
4,6,Billy Ray Cyrus,0.0
4,6,Heather Mills,0.0
4,6,Ian Ziering,0.0
4,6,Joey Fatone,0.0
4,6,John Ratzenberger,0.0
4,6,Laila Ali,0.0
4,7,Apolo Anton Ohno,0.0
4,7,Billy Ray Cyrus,0.0
4,7,Ian Ziering,0.0
4,7,Joey Fatone,0.0
4,7,John Ratzenberger,0.0
4,7,Laila Ali,0.0
4,8,Apolo Anton Ohno,0.0
4,8,Billy Ray Cyrus,0.0
4,8,Ian Ziering,0.0
4,8,Joey Fatone,0.0
4,8,Laila Ali,0.0
4,9,Apolo Anton Ohno,0.0
4,9,Ian Ziering,0.0
4,9,Joey Fatone,0.0
4,9,Laila Ali,0.0
4,10,Apolo Anton Ohno,0.0
4,10,Joey Fatone,0.0
4,10,Laila Ali,0.0
5,1,Albert Reed,0.06312601655714764
5,1,Cameron Mathison,0.08054547977168107
5,1,Floyd Mayweather Jr. ,0.07172636911510565
5,1,Helio Castroneves,0.07538342716625931
5,1,Jane Seymour,0.06602553430406241
5,1,Jennie Garth,0.06483153968619752
5,1,Josie Maran,0.07918207498712757
5,1,Marie Osmond,0.0598706096610821
5,1,Mark Cuban,0.05930492767447885
5,1,Mel B,0.05548072489979508
5,1,Sabrina Bryan,0.06396355475660642
5,1,Wayne Newton,0.07689644009608462
5,2,Albert Reed,0.06839750934638829
5,2,Cameron Mathison,0.07370992319521705
5,2,Floyd Mayweather Jr. ,0.09104289537393806
5,2,Helio Castroneves,0.08787540647419746
5,2,Jane Seymour,0.07527161411784465
5,2,Jennie Garth,0.06324300196593349
5,2,Marie Osmond,0.07485550571753918
5,2,Mark Cuban,0.06837971708163557
5,2,Mel B,0.07709497185125941
5,2,Sabrina Bryan,0.0738001741655351
5,2,Wayne Newton,0.07397375739908661
5,3,Cameron Mathison,0.08191153403724769
5,3,Floyd Mayweather Jr. ,0.08787509863409226
5,3,Helio Castroneves,0.0679918085171621
5,3,Jane Seymour,0.08710465781120075
5,3,Jennie Garth,0.07453376539920525
5,3,Marie Osmond,0.05868146003766007
5,3,Mark Cuban,0.07771961817194545
5,3,Mel B,0.0749189300033766
5,3,Sabrina Bryan,0.07416388433441475
5,3,Wayne Newton,0.08464572649840738
5,4,Cameron Mathison,0.07646962433232708
5,4,Floyd Mayweather Jr. ,0.08950238306170072
5,4,Helio Castroneves,0.08062966893224266
5,4,Jane Seymour,0.08886953820202077
5,4,Jennie Garth,0.11730092710779212
5,4,Marie Osmond,0.08099533792941215
5,4,Mark Cuban,0.09398967827582944
5,4,Mel B,0.08305598179815984
5,4,Sabrina Bryan,0.11119093688890877
5,5,Cameron Mathison,0.10998537147934492
5,5,Helio Castroneves,0.08662301983088173
5,5,Jane Seymour,0.09514426229662057
5,5,Jennie Garth,0.07387108274519036
5,5,Marie Osmond,0.087791611644946
5,5,Mark Cuban,0.0966341052425905
5,5,Mel B,0.09420082264209749
5,5,Sabrina Bryan,0.10485760519344131
5,6,Cameron Mathison,0.10954147590099983
5,6,Helio Castroneves,0.11233683271183979
5,6,Jane Seymour,0.11801868413570646
5,6,Jennie Garth,0.13524521272933002
5,6,Marie Osmond,0.10309191798706994
5,6,Mel B,0.10296153829164327
5,6,Sabrina Bryan,0.09014970841026787
5,7,Cameron Mathison,0.1354955594507637
5,7,Helio Castroneves,0.11828783150445482
5,7,Jane Seymour,0.1557355972564731
5,7,Jennie Garth,0.1470795684620585
5,7,Marie Osmond,0.14647561947668863
5,7,Mel B,0.13848312488214876
5,8,Cameron Mathison,0.22786438644354792
5,8,Helio Castroneves,0.12612552853849363
5,8,Jennie Garth,0.13212276681846863
5,8,Marie Osmond,0.15688036999894006
5,8,Mel B,0.12651024064889577
5,9,Helio Castroneves,0.16907267690657196
5,9,Jennie Garth,0.13408900380651279
5,9,Marie Osmond,0.13079524805751538
5,9,Mel B,0.15931193830345713
5,10,Helio Castroneves,0.2896794168756176
5,10,Marie Osmond,0.24589457464547299
5,10,Mel B,0.27139403524746847
6,1,Adam Carolla,0.0
6,1,Cristian de la Fuente,0.0
6,1,Jason Taylor,0.0
6,1,Kristi Yamaguchi,0.0
6,1,Mario,0.0
6,1,Marissa Jaret Winokur,0.0
6,1,Marlee Matlin,0.0
6,1,Monica Seles,0.0
6,1,Penn Jillette,0.0
6,1,Priscilla Presley,0.0
6,1,Shannon Elizabeth,0.0
6,1,Steve Guttenberg,0.0
6,2,Adam Carolla,0.0
6,2,Cristian de la Fuente,0.0
6,2,Jason Taylor,0.0
6,2,Kristi Yamaguchi,0.0
6,2,Mario,0.0
6,2,Marissa Jaret Winokur,0.0
6,2,Marlee Matlin,0.0
6,2,Monica Seles,0.0
6,2,Penn Jillette,0.0
6,2,Priscilla Presley,0.0
6,2,Shannon Elizabeth,0.0
6,2,Steve Guttenberg,0.0
6,3,Adam Carolla,0.0
6,3,Cristian de la Fuente,0.0
6,3,Jason Taylor,0.0
6,3,Kristi Yamaguchi,0.0
6,3,Mario,0.0
6,3,Marissa Jaret Winokur,0.0
6,3,Marlee Matlin,0.0
6,3,Priscilla Presley,0.0
6,3,Shannon Elizabeth,0.0
6,3,Steve Guttenberg,0.0
6,4,Adam Carolla,0.0
6,4,Cristian de la Fuente,0.0
6,4,Jason Taylor,0.0
6,4,Kristi Yamaguchi,0.0
6,4,Mario,0.0
6,4,Marissa Jaret Winokur,0.0
6,4,Marlee Matlin,0.0
6,4,Priscilla Presley,0.0
6,4,Shannon Elizabeth,0.0
6,5,Cristian de la Fuente,0.0
6,5,Jason Taylor,0.0
6,5,Kristi Yamaguchi,0.0
6,5,Mario,0.0
6,5,Marissa Jaret Winokur,0.0
6,5,Marlee Matlin,0.0
6,5,Priscilla Presley,0.0
6,5,Shannon Elizabeth,0.0
6,6,Cristian de la Fuente,0.0
6,6,Jason Taylor,0.0
6,6,Kristi Yamaguchi,0.0
6,6,Mario,0.0
6,6,Marissa Jaret Winokur,0.0
6,6,Marlee Matlin,0.0
6,6,Shannon Elizabeth,0.0
6,7,Cristian de la Fuente,0.0
6,7,Jason Taylor,0.0
6,7,Kristi Yamaguchi,0.0
6,7,Mario,0.0
6,7,Marissa Jaret Winokur,0.0
6,7,Shannon Elizabeth,0.0
6,8,Cristian de la Fuente,0.0
6,8,Jason Taylor,0.0
6,8,Kristi Yamaguchi,0.0
6,8,Mario,0.0
6,8,Marissa Jaret Winokur,0.0
6,9,Cristian de la Fuente,0.0
6,9,Jason Taylor,0.0
6,9,Kristi Yamaguchi,0.0
6,9,Marissa Jaret Winokur,0.0
6,10,Cristian de la Fuente,0.0
6,10,Jason Taylor,0.0
6,10,Kristi Yamaguchi,0.0
7,1,Brooke Burke,0.0
7,1,Cloris Leachman,0.0
7,1,Cody Linley,0.0
7,1,Jeffrey Ross,0.0
7,1,Kim Kardashian,0.0
7,1,Lance Bass,0.0
7,1,Maurice Greene,0.0
7,1,Misty May-Treanor,0.0
7,1,Rocco DiSpirito,0.0
7,1,Susan Lucci,0.0
7,1,Ted McGinley,0.0
7,1,Toni Braxton,0.0
7,1,Warren Sapp,0.0
7,2,Brooke Burke,0.0
7,2,Cloris Leachman,0.0
7,2,Cody Linley,0.0
7,2,Kim Kardashian,0.0
7,2,Lance Bass,0.0
7,2,Maurice Greene,0.0
7,2,Misty May-Treanor,0.0
7,2,Rocco DiSpirito,0.0
7,2,Susan Lucci,0.0
7,2,Toni Braxton,0.0
7,2,Warren Sapp,0.0
7,3,Brooke Burke,0.0
7,3,Cloris Leachman,0.0
7,3,Cody Linley,0.0
7,3,Lance Bass,0.0
7,3,Maurice Greene,0.0
7,3,Rocco DiSpirito,0.0
7,3,Susan Lucci,0.0
7,3,Toni Braxton,0.0
7,3,Warren Sapp,0.0
7,4,Brooke Burke,0.0
7,4,Cloris Leachman,0.0
7,4,Cody Linley,0.0
7,4,Lance Bass,0.0
7,4,Maurice Greene,0.0
7,4,Rocco DiSpirito,0.0
7,4,Susan Lucci,0.0
7,4,Toni Braxton,0.0
7,4,Warren Sapp,0.0
7,5,Brooke Burke,0.0
7,5,Cloris Leachman,0.0
7,5,Cody Linley,0.0
7,5,Lance Bass,0.0
7,5,Maurice Greene,0.0
7,5,Susan Lucci,0.0
7,5,Toni Braxton,0.0
7,5,Warren Sapp,0.0
7,6,Brooke Burke,0.0
7,6,Cloris Leachman,0.0
7,6,Cody Linley,0.0
7,6,Lance Bass,0.0
7,6,Maurice Greene,0.0
7,6,Susan Lucci,0.0
7,6,Warren Sapp,0.0
7,7,Brooke Burke,0.0
7,7,Cody Linley,0.0
7,7,Lance Bass,0.0
7,7,Maurice Greene,0.0
7,7,Susan Lucci,0.0
7,7,Warren Sapp,0.0
7,8,Brooke Burke,0.0
7,8,Cody Linley,0.0
7,8,Lance Bass,0.0
7,8,Maurice Greene,0.0
7,8,Warren Sapp,0.0
7,9,Brooke Burke,0.0
7,9,Cody Linley,0.0
7,9,Lance Bass,0.0
7,9,Warren Sapp,0.0
7,10,Brooke Burke,0.0
7,10,Lance Bass,0.0
7,10,Warren Sapp,0.0
8,1,Belinda Carlisle,0.0
8,1,Chuck Wicks,0.0
8,1,David Alan Grier,0.0
8,1,Denise Richards,0.0
8,1,Gilles Marini,0.0
8,1,Holly Madison,0.0
8,1,Lawrence Taylor,0.0
8,1,Lil' Kim,0.0
8,1,Melissa Rycroft,0.0
8,1,Shawn Johnson,0.0
8,1,Steve Wozniak,0.0
8,1,Steve-O,0.0
8,1,Ty Murray,0.0
8,2,Belinda Carlisle,0.0
8,2,Chuck Wicks,0.0
8,2,David Alan Grier,0.0
8,2,Denise Richards,0.0
8,2,Gilles Marini,0.0
8,2,Holly Madison,0.0
8,2,Lawrence Taylor,0.0
8,2,Lil' Kim,0.0
8,2,Melissa Rycroft,0.0
8,2,Shawn Johnson,0.0
8,2,Steve Wozniak,0.0
8,2,Steve-O,0.0
8,2,Ty Murray,0.0
8,3,Chuck Wicks,0.0
8,3,David Alan Grier,0.0
8,3,Denise Richards,0.0
8,3,Gilles Marini,0.0
8,3,Holly Madison,0.0
8,3,Lawrence Taylor,0.0
8,3,Lil' Kim,0.0
8,3,Melissa Rycroft,0.0
8,3,Shawn Johnson,0.0
8,3,Steve Wozniak,0.0
8,3,Steve-O,0.0
8,3,Ty Murray,0.0
8,4,Chuck Wicks,0.0
8,4,David Alan Grier,0.0
8,4,Gilles Marini,0.0
8,4,Holly Madison,0.0
8,4,Lawrence Taylor,0.0
8,4,Lil' Kim,0.0
8,4,Melissa Rycroft,0.0
8,4,Shawn Johnson,0.0
8,4,Steve Wozniak,0.0
8,4,Steve-O,0.0
8,4,Ty Murray,0.0
8,5,Chuck Wicks,0.0
8,5,David Alan Grier,0.0
8,5,Gilles Marini,0.0
8,5,Lawrence Taylor,0.0
8,5,Lil' Kim,0.0
8,5,Melissa Rycroft,0.0
8,5,Shawn Johnson,0.0
8,5,Steve-O,0.0
8,5,Ty Murray,0.0
8,6,Chuck Wicks,0.0
8,6,Gilles Marini,0.0
8,6,Lawrence Taylor,0.0
8,6,Lil' Kim,0.0
8,6,Melissa Rycroft,0.0
8,6,Shawn Johnson,0.0
8,6,Steve-O,0.0
8,6,Ty Murray,0.0
8,7,Chuck Wicks,0.0
8,7,Gilles Marini,0.0
8,7,Lawrence Taylor,0.0
8,7,Lil' Kim,0.0
8,7,Melissa Rycroft,0.0
8,7,Shawn Johnson,0.0
8,7,Ty Murray,0.0
8,8,Chuck Wicks,0.0
8,8,Gilles Marini,0.0
8,8,Lil' Kim,0.0
8,8,Melissa Rycroft,0.0
8,8,Shawn Johnson,0.0
8,8,Ty Murray,0.0
8,9,Gilles Marini,0.0
8,9,Lil' Kim,0.0
8,9,Melissa Rycroft,0.0
8,9,Shawn Johnson,0.0
8,9,Ty Murray,0.0
8,10,Gilles Marini,0.0
8,10,Melissa Rycroft,0.0
8,10,Shawn Johnson,0.0
8,10,Ty Murray,0.0
8,11,Gilles Marini,0.0
8,11,Melissa Rycroft,0.0
8,11,Shawn Johnson,0.0
9,1,Aaron Carter,0.0
9,1,Ashley Hamiliton,0.0
9,1,Chuck Liddell,0.0
9,1,Debi Mazar,0.0
9,1,Donny Osmond,0.0
9,1,Joanna Krupa,0.0
9,1,Kathy Ireland,0.0
9,1,Kelly Osbourne,0.0
9,1,Louie Vito,0.0
9,1,Macy Gray,0.0
9,1,Mark Dacascos,0.0
9,1,Melissa Joan Hart,0.0
9,1,Michael Irvin,0.0
9,1,Mya,0.0
9,1,Natalie Coughlin,0.0
9,1,Tom DeLay,0.0
9,2,Aaron Carter,0.0
9,2,Chuck Liddell,0.0
9,2,Debi Mazar,0.0
9,2,Donny Osmond,0.0
9,2,Joanna Krupa,0.0
9,2,Kathy Ireland,0.0
9,2,Kelly Osbourne,0.0
9,2,Louie Vito,0.0
9,2,Mark Dacascos,0.0
9,2,Melissa Joan Hart,0.0
9,2,Michael Irvin,0.0
9,2,Mya,0.0
9,2,Natalie Coughlin,0.0
9,2,Tom DeLay,0.0
9,3,Aaron Carter,0.0
9,3,Chuck Liddell,0.0
9,3,Debi Mazar,0.0
9,3,Donny Osmond,0.0
9,3,Joanna Krupa,0.0
9,3,Kelly Osbourne,0.0
9,3,Louie Vito,0.0
9,3,Mark Dacascos,0.0
9,3,Melissa Joan Hart,0.0
9,3,Michael Irvin,0.0
9,3,Mya,0.0
9,3,Natalie Coughlin,0.0
9,3,Tom DeLay,0.0
9,4,Aaron Carter,0.0
9,4,Chuck Liddell,0.0
9,4,Donny Osmond,0.0
9,4,Joanna Krupa,0.0
9,4,Kelly Osbourne,0.0
9,4,Louie Vito,0.0
9,4,Mark Dacascos,0.0
9,4,Melissa Joan Hart,0.0
9,4,Michael Irvin,0.0
9,4,Mya,0.0
9,4,Natalie Coughlin,0.0
9,5,Aaron Carter,0.0
9,5,Donny Osmond,0.0
9,5,Joanna Krupa,0.0
9,5,Kelly Osbourne,0.0
9,5,Louie Vito,0.0
9,5,Mark Dacascos,0.0
9,5,Melissa Joan Hart,0.0
9,5,Michael Irvin,0.0
9,5,Mya,0.0
9,5,Natalie Coughlin,0.0
9,6,Aaron Carter,0.0
9,6,Donny Osmond,0.0
9,6,Joanna Krupa,0.0
9,6,Kelly Osbourne,0.0
9,6,Louie Vito,0.0
9,6,Mark Dacascos,0.0
9,6,Melissa Joan Hart,0.0
9,6,Michael Irvin,0.0
9,6,Mya,0.0
9,7,Aaron Carter,0.0
9,7,Donny Osmond,0.0
9,7,Joanna Krupa,0.0
9,7,Kelly Osbourne,0.0
9,7,Mark Dacascos,0.0
9,7,Michael Irvin,0.0
9,7,Mya,0.0
9,8,Aaron Carter,0.0
9,8,Donny Osmond,0.0
9,8,Joanna Krupa,0.0
9,8,Kelly Osbourne,0.0
9,8,Mya,0.0
9,9,Donny Osmond,0.0
9,9,Joanna Krupa,0.0
9,9,Kelly Osbourne,0.0
9,9,Mya,0.0
9,10,Donny Osmond,0.0
9,10,Kelly Osbourne,0.0
9,10,Mya,0.0
10,1,Aiden Turner,0.0
10,1,Buzz Aldrin,0.0
10,1,Chad Ochocinco,0.0
10,1,Erin Andrews,0.0
10,1,Evan Lysacek,0.0
10,1,Jake Pavelka,0.0
10,1,Kate Gosselin,0.0
10,1,Nicole Scherzinger,0.0
10,1,Niecy Nash,0.0
10,1,Pamela Anderson,0.0
10,1,Shannen Doherty,0.0
10,2,Aiden Turner,0.0
10,2,Buzz Aldrin,0.0
10,2,Chad Ochocinco,0.0
10,2,Erin Andrews,0.0
10,2,Evan Lysacek,0.0
10,2,Jake Pavelka,0.0
10,2,Kate Gosselin,0.0
10,2,Nicole Scherzinger,0.0
10,2,Niecy Nash,0.0
10,2,Pamela Anderson,0.0
10,2,Shannen Doherty,0.0
10,3,Aiden Turner,0.0
10,3,Buzz Aldrin,0.0
10,3,Chad Ochocinco,0.0
10,3,Erin Andrews,0.0
10,3,Evan Lysacek,0.0
10,3,Jake Pavelka,0.0
10,3,Kate Gosselin,0.0
10,3,Nicole Scherzinger,0.0
10,3,Niecy Nash,0.0
10,3,Pamela Anderson,0.0
10,4,Aiden Turner,0.0
10,4,Chad Ochocinco,0.0
10,4,Erin Andrews,0.0
10,4,Evan Lysacek,0.0
10,4,Jake Pavelka,0.0
10,4,Kate Gosselin,0.0
10,4,Nicole Scherzinger,0.0
10,4,Niecy Nash,0.0
10,4,Pamela Anderson,0.0
10,5,Chad Ochocinco,0.0
10,5,Erin Andrews,0.0
10,5,Evan Lysacek,0.0
10,5,Jake Pavelka,0.0
10,5,Kate Gosselin,0.0
10,5,Nicole Scherzinger,0.0
10,5,Niecy Nash,0.0
10,5,Pamela Anderson,0.0
10,6,Chad Ochocinco,0.0
10,6,Erin Andrews,0.0
10,6,Evan Lysacek,0.0
10,6,Jake Pavelka,0.0
10,6,Nicole Scherzinger,0.0
10,6,Niecy Nash,0.0
10,6,Pamela Anderson,0.0
10,7,Chad Ochocinco,0.0
10,7,Erin Andrews,0.0
10,7,Evan Lysacek,0.0
10,7,Nicole Scherzinger,0.0
10,7,Niecy Nash,0.0
10,7,Pamela Anderson,0.0
10,8,Chad Ochocinco,0.0
10,8,Erin Andrews,0.0
10,8,Evan Lysacek,0.0
10,8,Nicole Scherzinger,0.0
10,8,Niecy Nash,0.0
10,9,Chad Ochocinco,0.0
10,9,Erin Andrews,0.0
10,9,Evan Lysacek,0.0
10,9,Nicole Scherzinger,0.0
10,10,Erin Andrews,0.0
10,10,Evan Lysacek,0.0
10,10,Nicole Scherzinger,0.0
11,1,Audrina Patridge,0.0
11,1,Brandy,0.0
11,1,Bristol Palin,0.0
11,1,David Hasselhoff,0.0
11,1,Florence Henderson,0.0
11,1,Jennifer Grey,0.0
11,1,Kurt Warner,0.0
11,1,Kyle Massey,0.0
11,1,Margaret Cho,0.0
11,1,Michael Bolton,0.0
11,1,Rick Fox,0.0
11,1,The Situation,0.0
11,2,Audrina Patridge,0.0
11,2,Brandy,0.0
11,2,Bristol Palin,0.0
11,2,Florence Henderson,0.0
11,2,Jennifer Grey,0.0
11,2,Kurt Warner,0.0
11,2,Kyle Massey,0.0
11,2,Margaret Cho,0.0
11,2,Michael Bolton,0.0
11,2,Rick Fox,0.0
11,2,The Situation,0.0
11,3,Audrina Patridge,0.0
11,3,Brandy,0.0
11,3,Bristol Palin,0.0
11,3,Florence Henderson,0.0
11,3,Jennifer Grey,0.0
11,3,Kurt Warner,0.0
11,3,Kyle Massey,0.0
11,3,Margaret Cho,0.0
11,3,Rick Fox,0.0
11,3,The Situation,0.0
11,4,Audrina Patridge,0.0
11,4,Brandy,0.0
11,4,Bristol Palin,0.0
11,4,Florence Henderson,0.0
11,4,Jennifer Grey,0.0
11,4,Kurt Warner,0.0
11,4,Kyle Massey,0.0
11,4,Rick Fox,0.0
11,4,The Situation,0.0
11,5,Audrina Patridge,0.0
11,5,Brandy,0.0
11,5,Bristol Palin,0.0
11,5,Florence Henderson,0.0
11,5,Jennifer Grey,0.0
11,5,Kurt Warner,0.0
11,5,Kyle Massey,0.0
11,5,Rick Fox,0.0
11,6,Audrina Patridge,0.0
11,6,Brandy,0.0
11,6,Bristol Palin,0.0
11,6,Jennifer Grey,0.0
11,6,Kurt Warner,0.0
11,6,Kyle Massey,0.0
11,6,Rick Fox,0.0
11,7,Brandy,0.0
11,7,Bristol Palin,0.0
11,7,Jennifer Grey,0.0
11,7,Kurt Warner,0.0
11,7,Kyle Massey,0.0
11,7,Rick Fox,0.0
11,8,Brandy,0.0
11,8,Bristol Palin,0.0
11,8,Jennifer Grey,0.0
11,8,Kurt Warner,0.0
11,8,Kyle Massey,0.0
11,9,Brandy,0.0
11,9,Bristol Palin,0.0
11,9,Jennifer Grey,0.0
11,9,Kyle Massey,0.0
11,10,Bristol Palin,0.0
11,10,Jennifer Grey,0.0
11,10,Kyle Massey,0.0
12,1,Chelsea Kane,0.026535014179223423
12,1,Chris Jericho,0.031187932506502897
12,1,Hines Ward,0.030576007254260767
12,1,Kendra Wilkinson,0.027454293197731988
12,1,Kirstie Alley,0.04372889214519114
12,1,Mike Catherwood,0.039849473411282116
12,1,Petra Nemcova,0.03134911955480571
12,1,Ralph Macchio,0.043690668480437414
12,1,Romeo,0.027067858763808003
12,1,Sugar Ray Leonard,0.0562342027075122
12,1,Wendy Williams,0.03888406711715117
12,2,Chelsea Kane,0.05554088448162031
12,2,Chris Jericho,0.03544542052566428
12,2,Hines Ward,0.0567503835340456
12,2,Kendra Wilkinson,0.04358024994249093
12,2,Kirstie Alley,0.03376922381566097
12,2,Mike Catherwood,0.08100879278787532
12,2,Petra Nemcova,0.036645499488106
12,2,Ralph Macchio,0.05481728421496046
12,2,Romeo,0.02417463667106612
12,2,Sugar Ray Leonard,0.03678461731404081
12,2,Wendy Williams,0.036869866020127984
12,3,Chelsea Kane,0.03045225918334081
12,3,Chris Jericho,0.04099544128378154
12,3,Hines Ward,0.05376625164044833
12,3,Kendra Wilkinson,0.039492431726129734
12,3,Kirstie Alley,0.04220336011273607
12,3,Petra Nemcova,0.04891974614181057
12,3,Ralph Macchio,0.038232428083558895
12,3,Romeo,0.05495595624916334
12,3,Sugar Ray Leonard,0.030387629804128333
12,3,Wendy Williams,0.08839563943865117
12,4,Chelsea Kane,0.0473150396651168
12,4,Chris Jericho,0.041888656044923145
12,4,Hines Ward,0.06288167074333784
12,4,Kendra Wilkinson,0.036021429695669696
12,4,Kirstie Alley,0.03141277671799558
12,4,Petra Nemcova,0.050319465066603904
12,4,Ralph Macchio,0.04018721648140702
12,4,Romeo,0.042840354357837104
12,4,Sugar Ray Leonard,0.0805413454769825
12,5,Chelsea Kane,0.050925763544534444
12,5,Chris Jericho,0.05277413921640478
12,5,Hines Ward,0.0692891074885093
12,5,Kendra Wilkinson,0.06862315716719444
12,5,Kirstie Alley,0.03452123448383003
12,5,Petra Nemcova,0.11827214023286217
12,5,Ralph Macchio,0.043726223959454844
12,5,Romeo,0.04269431058637978
12,6,Chelsea Kane,0.08585667396618751
12,6,Chris Jericho,0.1397910662691902
12,6,Hines Ward,0.02743035183018444
12,6,Kendra Wilkinson,0.07945444147608498
12,6,Kirstie Alley,0.07163544645729392
12,6,Ralph Macchio,0.0867225227848348
12,6,Romeo,0.08494469532104007
12,7,Chelsea Kane,0.040800005068496265
12,7,Hines Ward,0.06857249856919487
12,7,Kendra Wilkinson,0.1233891263467872
12,7,Kirstie Alley,0.036941330559696284
12,7,Ralph Macchio,0.043021149345652085
12,7,Romeo,0.04169299856090464
12,8,Chelsea Kane,0.08683502231676035
12,8,Hines Ward,0.057637845197720305
12,8,Kirstie Alley,0.04867030632530339
12,8,Ralph Macchio,0.09574640146996888
12,8,Romeo,0.16152230630996517
12,9,Chelsea Kane,0.10394249217070878
12,9,Hines Ward,0.11114248515782552
12,9,Kirstie Alley,0.032001191249488026
12,9,Ralph Macchio,0.15659578898460946
12,10,Chelsea Kane,0.1046522491681886
12,10,Hines Ward,0.1277437410520204
12,10,Kirstie Alley,0.22028230509694258
13,1,Carson Kressley,0.0
13,1,Chaz Bono,0.0
13,1,Chynna Phillips,0.0
13,1,David Arquette,0.0
13,1,Elisabetta Canalis,0.0
13,1,Hope Solo,0.0
13,1,J.R. Martinez,0.0
13,1,Kristin Cavallari,0.0
13,1,Metta World Peace (Ron),0.0
13,1,Nancy Grace,0.0
13,1,Ricki Lake,0.0
13,1,Rob Kardashian,0.0
13,2,Carson Kressley,0.0
13,2,Chaz Bono,0.0
13,2,Chynna Phillips,0.0
13,2,David Arquette,0.0
13,2,Elisabetta Canalis,0.0
13,2,Hope Solo,0.0
13,2,J.R. Martinez,0.0
13,2,Kristin Cavallari,0.0
13,2,Nancy Grace,0.0
13,2,Ricki Lake,0.0
13,2,Rob Kardashian,0.0
13,3,Carson Kressley,0.0
13,3,Chaz Bono,0.0
13,3,Chynna Phillips,0.0
13,3,David Arquette,0.0
13,3,Hope Solo,0.0
13,3,J.R. Martinez,0.0
13,3,Kristin Cavallari,0.0
13,3,Nancy Grace,0.0
13,3,Ricki Lake,0.0
13,3,Rob Kardashian,0.0
13,4,Carson Kressley,0.0
13,4,Chaz Bono,0.0
13,4,Chynna Phillips,0.0
13,4,David Arquette,0.0
13,4,Hope Solo,0.0
13,4,J.R. Martinez,0.0
13,4,Nancy Grace,0.0
13,4,Ricki Lake,0.0
13,4,Rob Kardashian,0.0
13,5,Carson Kressley,0.0
13,5,Chaz Bono,0.0
13,5,David Arquette,0.0
13,5,Hope Solo,0.0
13,5,J.R. Martinez,0.0
13,5,Nancy Grace,0.0
13,5,Ricki Lake,0.0
13,5,Rob Kardashian,0.0
13,6,Chaz Bono,0.0
13,6,David Arquette,0.0
13,6,Hope Solo,0.0
13,6,J.R. Martinez,0.0
13,6,Nancy Grace,0.0
13,6,Ricki Lake,0.0
13,6,Rob Kardashian,0.0
13,7,David Arquette,0.0
13,7,Hope Solo,0.0
13,7,J.R. Martinez,0.0
13,7,Nancy Grace,0.0
13,7,Ricki Lake,0.0
13,7,Rob Kardashian,0.0
13,8,Hope Solo,0.0
13,8,J.R. Martinez,0.0
13,8,Nancy Grace,0.0
13,8,Ricki Lake,0.0
13,8,Rob Kardashian,0.0
13,9,Hope Solo,0.0
13,9,J.R. Martinez,0.0
13,9,Ricki Lake,0.0
13,9,Rob Kardashian,0.0
13,10,J.R. Martinez,0.0
13,10,Ricki Lake,0.0
13,10,Rob Kardashian,0.0
14,1,Donald Driver,0.0
14,1,Gavin DeGraw,0.0
14,1,Gladys Knight,0.0
14,1,Jack Wagner,0.0
14,1,Jaleel White,0.0
14,1,Katherine Jenkins,0.0
14,1,Maria Menounos,0.0
14,1,Martina Navratilova,0.0
14,1,Melissa Gilbert,0.0
14,1,Roshon Fegan,0.0
14,1,Sherri Sheperd,0.0
14,1,William Levy,0.0
14,2,Donald Driver,0.0
14,2,Gavin DeGraw,0.0
14,2,Gladys Knight,0.0
14,2,Jack Wagner,0.0
14,2,Jaleel White,0.0
14,2,Katherine Jenkins,0.0
14,2,Maria Menounos,0.0
14,2,Martina Navratilova,0.0
14,2,Melissa Gilbert,0.0
14,2,Roshon Fegan,0.0
14,2,Sherri Sheperd,0.0
14,2,William Levy,0.0
14,3,Donald Driver,0.0
14,3,Gavin DeGraw,0.0
14,3,Gladys Knight,0.0
14,3,Jack Wagner,0.0
14,3,Jaleel White,0.0
14,3,Katherine Jenkins,0.0
14,3,Maria Menounos,0.0
14,3,Melissa Gilbert,0.0
14,3,Roshon Fegan,0.0
14,3,Sherri Sheperd,0.0
14,3,William Levy,0.0
14,4,Donald Driver,0.0
14,4,Gavin DeGraw,0.0
14,4,Gladys Knight,0.0
14,4,Jaleel White,0.0
14,4,Katherine Jenkins,0.0
14,4,Maria Menounos,0.0
14,4,Melissa Gilbert,0.0
14,4,Roshon Fegan,0.0
14,4,Sherri Sheperd,0.0
14,4,William Levy,0.0
14,5,Donald Driver,0.0
14,5,Gavin DeGraw,0.0
14,5,Gladys Knight,0.0
14,5,Jaleel White,0.0
14,5,Katherine Jenkins,0.0
14,5,Maria Menounos,0.0
14,5,Melissa Gilbert,0.0
14,5,Roshon Fegan,0.0
14,5,William Levy,0.0
14,6,Donald Driver,0.0
14,6,Gladys Knight,0.0
14,6,Jaleel White,0.0
14,6,Katherine Jenkins,0.0
14,6,Maria Menounos,0.0
14,6,Melissa Gilbert,0.0
14,6,Roshon Fegan,0.0
14,6,William Levy,0.0
14,7,Donald Driver,0.0
14,7,Jaleel White,0.0
14,7,Katherine Jenkins,0.0
14,7,Maria Menounos,0.0
14,7,Melissa Gilbert,0.0
14,7,Roshon Fegan,0.0
14,7,William Levy,0.0
14,8,Donald Driver,0.0
14,8,Katherine Jenkins,0.0
14,8,Maria Menounos,0.0
14,8,Melissa Gilbert,0.0
14,8,Roshon Fegan,0.0
14,8,William Levy,0.0
14,9,Donald Driver,0.0
14,9,Katherine Jenkins,0.0
14,9,Maria Menounos,0.0
14,9,William Levy,0.0
14,10,Donald Driver,0.0
14,10,Katherine Jenkins,0.0
14,10,William Levy,0.0
15,1,Apolo Anton Ohno,0.06031055433177117
15,1,Bristol Palin,0.07561322304027768
15,1,Drew Lachey,0.06202155041965318
15,1,Emmitt Smith,0.07481272212584937
15,1,Gilles Marini,0.06511737333367695
15,1,Helio Castroneves,0.06507456238353808
15,1,Joey Fatone,0.07399426076094842
15,1,Kelly Monaco,0.09149473154165343
15,1,Kirstie Alley,0.06985560952527922
15,1,Melissa Rycroft,0.06266750472931432
15,1,Pamela Anderson,0.07327170948241904
15,1,Sabrina Bryan,0.07386820886973526
15,1,Shawn Johnson,0.07497006501183123
15,2,Apolo Anton Ohno,0.08434489271982645
15,2,Bristol Palin,0.0776122130163763
15,2,Drew Lachey,0.08680247148573825
15,2,Emmitt Smith,0.07924008212994611
15,2,Gilles Marini,0.07735539092252489
15,2,Helio Castroneves,0.07607070965073422
15,2,Joey Fatone,0.07075074739617666
15,2,Kelly Monaco,0.0934451847357969
15,2,Kirstie Alley,0.09119133793426293
15,2,Melissa Rycroft,0.07482484162110183
15,2,Sabrina Bryan,0.0681527906926403
15,2,Shawn Johnson,0.06860781672989753
15,3,Apolo Anton Ohno,0.08016234705607472
15,3,Bristol Palin,0.08537980950124219
15,3,Drew Lachey,0.08429106373298396
15,3,Emmitt Smith,0.07838533520006954
15,3,Gilles Marini,0.07083260386505814
15,3,Helio Castroneves,0.10662173937668612
15,3,Kelly Monaco,0.0671714980998959
15,3,Kirstie Alley,0.09287117704508611
15,3,Melissa Rycroft,0.08059371657186933
15,3,Sabrina Bryan,0.09783468816858329
15,3,Shawn Johnson,0.07649159816834303
15,4,Apolo Anton Ohno,0.08065387638958867
15,4,Bristol Palin,0.09624158603448613
15,4,Emmitt Smith,0.09858094495510358
15,4,Gilles Marini,0.10001145602452402
15,4,Kelly Monaco,0.09580036870414385
15,4,Kirstie Alley,0.08650189011126432
15,4,Melissa Rycroft,0.08950947319841887
15,4,Sabrina Bryan,0.09244687314999019
15,4,Shawn Johnson,0.08972011992539188
15,5,Apolo Anton Ohno,0.10583268673686766
15,5,Emmitt Smith,0.11724978526810836
15,5,Gilles Marini,0.10402429966355044
15,5,Kelly Monaco,0.09458041712808017
15,5,Kirstie Alley,0.09130013120119358
15,5,Melissa Rycroft,0.12313202005241906
15,5,Sabrina Bryan,0.09037523923241328
15,5,Shawn Johnson,0.12392506897998352
15,6,Apolo Anton Ohno,0.0963135623295156
15,6,Emmitt Smith,0.09010351459488668
15,6,Gilles Marini,0.10854661690463194
15,6,Kelly Monaco,0.104664935550149
15,6,Kirstie Alley,0.1215696793486769
15,6,Melissa Rycroft,0.0906090143171602
15,6,Sabrina Bryan,0.1419732102029323
15,6,Shawn Johnson,0.10672303794016269
15,7,Apolo Anton Ohno,0.13172412142394674
15,7,Emmitt Smith,0.09388890156117813
15,7,Gilles Marini,0.13780432735729772
15,7,Kelly Monaco,0.11282053231690489
15,7,Kirstie Alley,0.12369001047094301
15,7,Melissa Rycroft,0.1183431517397067
15,7,Shawn Johnson,0.13448616336106145
15,8,Apolo Anton Ohno,0.12349338891802687
15,8,Emmitt Smith,0.0922696971357346
15,8,Gilles Marini,0.13619609279438055
15,8,Kelly Monaco,0.12143684464361673
15,8,Kirstie Alley,0.16876078988741897
15,8,Melissa Rycroft,0.15043231786167893
15,8,Shawn Johnson,0.10272224423163887
15,9,Apolo Anton Ohno,0.18528117815159348
15,9,Emmitt Smith,0.24241149754945385
15,9,Kelly Monaco,0.1420031206497917
15,9,Melissa Rycroft,0.1586945774368032
15,9,Shawn Johnson,0.1441597871685818
15,10,Kelly Monaco,0.26711351042925036
15,10,Melissa Rycroft,0.16186584948810015
15,10,Shawn Johnson,0.2949569853081009
16,1,Alexandra Raisman,0.0
16,1,Andy Dick,0.0
16,1,D. L. Hughley,0.0
16,1,Dorothy Hamill,0.0
16,1,Ingo Rademacher,0.0
16,1,Jacoby Jones,0.0
16,1,Kellie Pickler,0.0
16,1,Lisa Vanderpump,0.0
16,1,Sean Lowe,0.0
16,1,Victor Ortiz,0.0
16,1,Wynonna Judd,0.0
16,1,Zendaya,0.0
16,2,Alexandra Raisman,0.0
16,2,Andy Dick,0.0
16,2,D. L. Hughley,0.0
16,2,Dorothy Hamill,0.0
16,2,Ingo Rademacher,0.0
16,2,Jacoby Jones,0.0
16,2,Kellie Pickler,0.0
16,2,Lisa Vanderpump,0.0
16,2,Sean Lowe,0.0
16,2,Victor Ortiz,0.0
16,2,Wynonna Judd,0.0
16,2,Zendaya,0.0
16,3,Alexandra Raisman,0.0
16,3,Andy Dick,0.0
16,3,D. L. Hughley,0.0
16,3,Ingo Rademacher,0.0
16,3,Jacoby Jones,0.0
16,3,Kellie Pickler,0.0
16,3,Lisa Vanderpump,0.0
16,3,Sean Lowe,0.0
16,3,Victor Ortiz,0.0
16,3,Wynonna Judd,0.0
16,3,Zendaya,0.0
16,4,Alexandra Raisman,0.0
16,4,Andy Dick,0.0
16,4,D. L. Hughley,0.0
16,4,Ingo Rademacher,0.0
16,4,Jacoby Jones,0.0
16,4,Kellie Pickler,0.0
16,4,Lisa Vanderpump,0.0
16,4,Sean Lowe,0.0
16,4,Victor Ortiz,0.0
16,4,Zendaya,0.0
16,5,Alexandra Raisman,0.0
16,5,Andy Dick,0.0
16,5,D. L. Hughley,0.0
16,5,Ingo Rademacher,0.0
16,5,Jacoby Jones,0.0
16,5,Kellie Pickler,0.0
16,5,Sean Lowe,0.0
16,5,Victor Ortiz,0.0
16,5,Zendaya,0.0
16,6,Alexandra Raisman,0.0
16,6,Andy Dick,0.0
16,6,Ingo Rademacher,0.0
16,6,Jacoby Jones,0.0
16,6,Kellie Pickler,0.0
16,6,Sean Lowe,0.0
16,6,Victor Ortiz,0.0
16,6,Zendaya,0.0
16,7,Alexandra Raisman,0.0
16,7,Andy Dick,0.0
16,7,Ingo Rademacher,0.0
16,7,Jacoby Jones,0.0
16,7,Kellie Pickler,0.0
16,7,Sean Lowe,0.0
16,7,Zendaya,0.0
16,8,Alexandra Raisman,0.0
16,8,Ingo Rademacher,0.0
16,8,Jacoby Jones,0.0
16,8,Kellie Pickler,0.0
16,8,Sean Lowe,0.0
16,8,Zendaya,0.0
16,9,Alexandra Raisman,0.0
16,9,Ingo Rademacher,0.0
16,9,Jacoby Jones,0.0
16,9,Kellie Pickler,0.0
16,9,Zendaya,0.0
16,10,Alexandra Raisman,0.0
16,10,Jacoby Jones,0.0
16,10,Kellie Pickler,0.0
16,10,Zendaya,0.0
17,1,Amber Riley,0.0
17,1,Bill Engvall,0.0
17,1,Bill Nye,0.0
17,1,Brant Daugherty,0.0
17,1,Christina Milian,0.0
17,1,Corbin Bleu,0.0
17,1,Elizabeth Berkley Lauren,0.0
17,1,Jack Osbourne,0.0
17,1,Keyshawn Johnson,0.0
17,1,Leah Remini,0.0
17,1,"Nicole ""Snooki"" Polizzi",0.0
17,1,Valerie Harper,0.0
17,2,Amber Riley,0.0
17,2,Bill Engvall,0.0
17,2,Bill Nye,0.0
17,2,Brant Daugherty,0.0
17,2,Christina Milian,0.0
17,2,Corbin Bleu,0.0
17,2,Elizabeth Berkley Lauren,0.0
17,2,Jack Osbourne,0.0
17,2,Keyshawn Johnson,0.0
17,2,Leah Remini,0.0
17,2,"Nicole ""Snooki"" Polizzi",0.0
17,2,Valerie Harper,0.0
17,3,Amber Riley,0.0
17,3,Bill Engvall,0.0
17,3,Bill Nye,0.0
17,3,Brant Daugherty,0.0
17,3,Christina Milian,0.0
17,3,Corbin Bleu,0.0
17,3,Elizabeth Berkley Lauren,0.0
17,3,Jack Osbourne,0.0
17,3,Leah Remini,0.0
17,3,"Nicole ""Snooki"" Polizzi",0.0
17,3,Valerie Harper,0.0
17,4,Amber Riley,0.0
17,4,Bill Engvall,0.0
17,4,Brant Daugherty,0.0
17,4,Christina Milian,0.0
17,4,Corbin Bleu,0.0
17,4,Elizabeth Berkley Lauren,0.0
17,4,Jack Osbourne,0.0
17,4,Leah Remini,0.0
17,4,"Nicole ""Snooki"" Polizzi",0.0
17,4,Valerie Harper,0.0
17,5,Amber Riley,0.0
17,5,Bill Engvall,0.0
17,5,Brant Daugherty,0.0
17,5,Christina Milian,0.0
17,5,Corbin Bleu,0.0
17,5,Elizabeth Berkley Lauren,0.0
17,5,Jack Osbourne,0.0
17,5,Leah Remini,0.0
17,5,"Nicole ""Snooki"" Polizzi",0.0
17,6,Amber Riley,0.0
17,6,Bill Engvall,0.0
17,6,Brant Daugherty,0.0
17,6,Corbin Bleu,0.0
17,6,Elizabeth Berkley Lauren,0.0
17,6,Jack Osbourne,0.0
17,6,Leah Remini,0.0
17,6,"Nicole ""Snooki"" Polizzi",0.0
17,7,Amber Riley,0.0
17,7,Bill Engvall,0.0
17,7,Brant Daugherty,0.0
17,7,Corbin Bleu,0.0
17,7,Elizabeth Berkley Lauren,0.0
17,7,Jack Osbourne,0.0
17,7,Leah Remini,0.0
17,7,"Nicole ""Snooki"" Polizzi",0.0
17,8,Amber Riley,0.0
17,8,Bill Engvall,0.0
17,8,Brant Daugherty,0.0
17,8,Corbin Bleu,0.0
17,8,Elizabeth Berkley Lauren,0.0
17,8,Jack Osbourne,0.0
17,8,Leah Remini,0.0
17,9,Amber Riley,0.0
17,9,Bill Engvall,0.0
17,9,Corbin Bleu,0.0
17,9,Elizabeth Berkley Lauren,0.0
17,9,Jack Osbourne,0.0
17,9,Leah Remini,0.0
17,10,Amber Riley,0.0
17,10,Bill Engvall,0.0
17,10,Corbin Bleu,0.0
17,10,Jack Osbourne,0.0
17,10,Leah Remini,0.0
17,11,Amber Riley,0.0
17,11,Bill Engvall,0.0
17,11,Corbin Bleu,0.0
17,11,Jack Osbourne,0.0
18,1,Amy Purdy,0.05912673595241713
18,1,Billy Dee Williams,0.04120331781664092
18,1,Candace Cameron Bure,0.056860251036934276
18,1,Charlie White,0.06030936638412797
18,1,Cody Simpson,0.07015505362260444
18,1,Danica McKellar,0.05835434422484712
18,1,Diana Nyad,0.07664757268634757
18,1,Drew Carey,0.056564752945726285
18,1,James Maslow,0.06735779631970736
18,1,Meryl Davis,0.044248592895033544
18,1,NeNe Leakes,0.06265234176551251
18,1,Sean Avery,0.06276880400512821
18,2,Amy Purdy,0.04669869018102931
18,2,Billy Dee Williams,0.06313443149563935
18,2,Candace Cameron Bure,0.07386946439006292
18,2,Charlie White,0.06326719637715646
18,2,Cody Simpson,0.06754430655708496
18,2,Danica McKellar,0.05916429638824546
18,2,Drew Carey,0.07137266883161687
18,2,James Maslow,0.0577778159504306
18,2,Meryl Davis,0.06180453234078047
18,2,NeNe Leakes,0.04844690816386593
18,2,Sean Avery,0.09466105641822178
18,3,Amy Purdy,0.07739047805196594
18,3,Candace Cameron Bure,0.056567404582529957
18,3,Charlie White,0.07131671101705134
18,3,Cody Simpson,0.07413507257147753
18,3,Danica McKellar,0.08944801115983654
18,3,Drew Carey,0.07054245867011466
18,3,James Maslow,0.09882971711467689
18,3,Meryl Davis,0.06820504681653064
18,3,NeNe Leakes,0.08773329046633394
18,4,Amy Purdy,0.06734766279088135
18,4,Candace Cameron Bure,0.06880962399691024
18,4,Charlie White,0.0726307787952711
18,4,Cody Simpson,0.10618952773465626
18,4,Danica McKellar,0.06750263978879634
18,4,Drew Carey,0.06046922839816988
18,4,James Maslow,0.09368571018847678
18,4,Meryl Davis,0.06586321176471817
18,4,NeNe Leakes,0.08445200044284826
18,5,Amy Purdy,0.0679463025869833
18,5,Candace Cameron Bure,0.06593798838371323
18,5,Charlie White,0.07007918985541053
18,5,Cody Simpson,0.1127550832868798
18,5,Danica McKellar,0.08239514957966612
18,5,Drew Carey,0.07861446424437338
18,5,James Maslow,0.08137792589561352
18,5,Meryl Davis,0.07073765574427322
18,5,NeNe Leakes,0.0668271253144639
18,6,Amy Purdy,0.07115222873842005
18,6,Candace Cameron Bure,0.08607372657930745
18,6,Charlie White,0.07951159437617404
18,6,Danica McKellar,0.07341262952803812
18,6,Drew Carey,0.12383897195749521
18,6,James Maslow,0.09311820502399387
18,6,Meryl Davis,0.083823963939649
18,6,NeNe Leakes,0.07499763637798681
18,7,Amy Purdy,0.08547957711160235
18,7,Candace Cameron Bure,0.11118508115931824
18,7,Charlie White,0.1033181624631426
18,7,Danica McKellar,0.08055445078855578
18,7,James Maslow,0.08760417185372593
18,7,Meryl Davis,0.11027739197993686
18,7,NeNe Leakes,0.14078698484114976
18,8,Amy Purdy,0.10235025400246328
18,8,Candace Cameron Bure,0.11082492595658558
18,8,Charlie White,0.09139505286673172
18,8,Danica McKellar,0.11707127209846077
18,8,James Maslow,0.07596910355612468
18,8,Meryl Davis,0.11127385366100812
18,9,Amy Purdy,0.13336032202122017
18,9,Candace Cameron Bure,0.09498523393284278
18,9,Charlie White,0.19475918222337296
18,9,James Maslow,0.10394610349215061
18,9,Meryl Davis,0.1366253850212653
18,10,Amy Purdy,0.1895463110014135
18,10,Candace Cameron Bure,0.15566265619332936
18,10,James Maslow,0.16112007009014495
18,10,Meryl Davis,0.1680377066437771
19,1,Alfonso Ribeiro,0.0
19,1,Antonio Sabato Jr.,0.0
19,1,Bethany Mota,0.0
19,1,Betsey Johnson,0.0
19,1,Janel Parrish,0.0
19,1,Jonathan Bennett,0.0
19,1,Lea Thompson,0.0
19,1,Lolo Jones,0.0
19,1,Michael Waltrip,0.0
19,1,Randy Couture,0.0
19,1,Sadie Robertson,0.0
19,1,Tavis Smiley,0.0
19,1,Tommy Chong,0.0
19,2,Alfonso Ribeiro,0.0
19,2,Antonio Sabato Jr.,0.0
19,2,Bethany Mota,0.0
19,2,Betsey Johnson,0.0
19,2,Janel Parrish,0.0
19,2,Jonathan Bennett,0.0
19,2,Lea Thompson,0.0
19,2,Michael Waltrip,0.0
19,2,Randy Couture,0.0
19,2,Sadie Robertson,0.0
19,2,Tavis Smiley,0.0
19,2,Tommy Chong,0.0
19,3,Alfonso Ribeiro,0.0
19,3,Antonio Sabato Jr.,0.0
19,3,Bethany Mota,0.0
19,3,Betsey Johnson,0.0
19,3,Janel Parrish,0.0
19,3,Jonathan Bennett,0.0
19,3,Lea Thompson,0.0
19,3,Michael Waltrip,0.0
19,3,Randy Couture,0.0
19,3,Sadie Robertson,0.0
19,3,Tommy Chong,0.0
19,4,Alfonso Ribeiro,0.0
19,4,Antonio Sabato Jr.,0.0
19,4,Bethany Mota,0.0
19,4,Betsey Johnson,0.0
19,4,Janel Parrish,0.0
19,4,Jonathan Bennett,0.0
19,4,Lea Thompson,0.0
19,4,Michael Waltrip,0.0
19,4,Sadie Robertson,0.0
19,4,Tommy Chong,0.0
19,5,Alfonso Ribeiro,0.0
19,5,Antonio Sabato Jr.,0.0
19,5,Bethany Mota,0.0
19,5,Janel Parrish,0.0
19,5,Jonathan Bennett,0.0
19,5,Lea Thompson,0.0
19,5,Michael Waltrip,0.0
19,5,Sadie Robertson,0.0
19,5,Tommy Chong,0.0
19,6,Alfonso Ribeiro,0.0
19,6,Antonio Sabato Jr.,0.0
19,6,Bethany Mota,0.0
19,6,Janel Parrish,0.0
19,6,Jonathan Bennett,0.0
19,6,Lea Thompson,0.0
19,6,Michael Waltrip,0.0
19,6,Sadie Robertson,0.0
19,6,Tommy Chong,0.0
19,7,Alfonso Ribeiro,0.0
19,7,Antonio Sabato Jr.,0.0
19,7,Bethany Mota,0.0
19,7,Janel Parrish,0.0
19,7,Lea Thompson,0.0
19,7,Michael Waltrip,0.0
19,7,Sadie Robertson,0.0
19,7,Tommy Chong,0.0
19,8,Alfonso Ribeiro,0.0
19,8,Bethany Mota,0.0
19,8,Janel Parrish,0.0
19,8,Lea Thompson,0.0
19,8,Michael Waltrip,0.0
19,8,Sadie Robertson,0.0
19,8,Tommy Chong,0.0
19,9,Alfonso Ribeiro,0.0
19,9,Bethany Mota,0.0
19,9,Janel Parrish,0.0
19,9,Lea Thompson,0.0
19,9,Sadie Robertson,0.0
19,9,Tommy Chong,0.0
19,10,Alfonso Ribeiro,0.0
19,10,Bethany Mota,0.0
19,10,Janel Parrish,0.0
19,10,Sadie Robertson,0.0
19,10,Tommy Chong,0.0
19,11,Alfonso Ribeiro,0.0
19,11,Bethany Mota,0.0
19,11,Janel Parrish,0.0
19,11,Sadie Robertson,0.0
20,1,Charlotte McKinney,0.0
20,1,Chris Soules,0.0
20,1,Michael Sam,0.0
20,1,Nastia Liukin,0.0
20,1,Noah Galloway,0.0
20,1,Patti LaBelle,0.0
20,1,Redfoo,0.0
20,1,Riker Lynch,0.0
20,1,Robert Herjavec,0.0
20,1,Rumer Willis,0.0
20,1,Suzanne Somers,0.0
20,1,Willow Shields,0.0
20,2,Charlotte McKinney,0.0
20,2,Chris Soules,0.0
20,2,Michael Sam,0.0
20,2,Nastia Liukin,0.0
20,2,Noah Galloway,0.0
20,2,Patti LaBelle,0.0
20,2,Redfoo,0.0
20,2,Riker Lynch,0.0
20,2,Robert Herjavec,0.0
20,2,Rumer Willis,0.0
20,2,Suzanne Somers,0.0
20,2,Willow Shields,0.0
20,3,Charlotte McKinney,0.0
20,3,Chris Soules,0.0
20,3,Michael Sam,0.0
20,3,Nastia Liukin,0.0
20,3,Noah Galloway,0.0
20,3,Patti LaBelle,0.0
20,3,Riker Lynch,0.0
20,3,Robert Herjavec,0.0
20,3,Rumer Willis,0.0
20,3,Suzanne Somers,0.0
20,3,Willow Shields,0.0
20,4,Chris Soules,0.0
20,4,Michael Sam,0.0
20,4,Nastia Liukin,0.0
20,4,Noah Galloway,0.0
20,4,Patti LaBelle,0.0
20,4,Riker Lynch,0.0
20,4,Robert Herjavec,0.0
20,4,Rumer Willis,0.0
20,4,Suzanne Somers,0.0
20,4,Willow Shields,0.0
20,5,Chris Soules,0.0
20,5,Nastia Liukin,0.0
20,5,Noah Galloway,0.0
20,5,Patti LaBelle,0.0
20,5,Riker Lynch,0.0
20,5,Robert Herjavec,0.0
20,5,Rumer Willis,0.0
20,5,Suzanne Somers,0.0
20,5,Willow Shields,0.0
20,6,Chris Soules,0.0
20,6,Nastia Liukin,0.0
20,6,Noah Galloway,0.0
20,6,Patti LaBelle,0.0
20,6,Riker Lynch,0.0
20,6,Robert Herjavec,0.0
20,6,Rumer Willis,0.0
20,6,Willow Shields,0.0
20,7,Chris Soules,0.0
20,7,Nastia Liukin,0.0
20,7,Noah Galloway,0.0
20,7,Riker Lynch,0.0
20,7,Robert Herjavec,0.0
20,7,Rumer Willis,0.0
20,7,Willow Shields,0.0
20,8,Chris Soules,0.0
20,8,Nastia Liukin,0.0
20,8,Noah Galloway,0.0
20,8,Riker Lynch,0.0
20,8,Robert Herjavec,0.0
20,8,Rumer Willis,0.0
20,9,Nastia Liukin,0.0
20,9,Noah Galloway,0.0
20,9,Riker Lynch,0.0
20,9,Rumer Willis,0.0
20,10,Noah Galloway,0.0
20,10,Riker Lynch,0.0
20,10,Rumer Willis,0.0
21,1,Alek Skarlatos,0.08435033564906273
21,1,Alexa PenaVega,0.10131209836302175
21,1,Andy Grammer,0.07959927729875606
21,1,Bindi Irwin,0.09220899413334543
21,1,Carlos PenaVega,0.1002888414358018
21,1,Chaka Khan,0.10208420859155376
21,1,Gary Busey,0.09191913371442384
21,1,Hayes Grier,0.0874384438464343
21,1,Kim Zolciak-Biermann,0.10629600898983976
21,1,Nick Carter,0.10430472983768813
21,1,Paula Deen,0.08874113970332179
21,1,Tamar Braxton,0.09462789457962562
21,1,Victor Espinoza,0.08235503270916072
21,2,Alek Skarlatos,0.08818636360355779
21,2,Alexa PenaVega,0.0874000341202696
21,2,Andy Grammer,0.08786230802138124
21,2,Bindi Irwin,0.08375904629932002
21,2,Carlos PenaVega,0.08235763118550157
21,2,Chaka Khan,0.10942668360271013
21,2,Gary Busey,0.0905115270568775
21,2,Hayes Grier,0.08366180593022018
21,2,Kim Zolciak-Biermann,0.11061685069815652
21,2,Nick Carter,0.08808884862683884
21,2,Paula Deen,0.0920643900891675
21,2,Tamar Braxton,0.07362829344653317
21,2,Victor Espinoza,0.10390659091900056
21,3,Alek Skarlatos,0.10630328726109586
21,3,Alexa PenaVega,0.11856863277596619
21,3,Andy Grammer,0.13049605704781644
21,3,Bindi Irwin,0.1478098986517273
21,3,Carlos PenaVega,0.11346750781600769
21,3,Gary Busey,0.11901276701107996
21,3,Hayes Grier,0.11055083621536028
21,3,Nick Carter,0.12236094109545784
21,3,Paula Deen,0.12798783883727988
21,3,Tamar Braxton,0.0914400704845546
21,4,Alek Skarlatos,0.1017489844982632
21,4,Alexa PenaVega,0.10468507741337983
21,4,Andy Grammer,0.08578601612495917
21,4,Bindi Irwin,0.10660953552029717
21,4,Carlos PenaVega,0.10498600985621752
21,4,Gary Busey,0.08936412961349227
21,4,Hayes Grier,0.09352835862523128
21,4,Nick Carter,0.11236876435303908
21,4,Paula Deen,0.10520896009115573
21,4,Tamar Braxton,0.11673241246578989
21,5,Alek Skarlatos,0.14699617707799087
21,5,Alexa PenaVega,0.13674537719908014
21,5,Andy Grammer,0.1065440856150228
21,5,Bindi Irwin,0.097633950729724
21,5,Carlos PenaVega,0.14537493043907793
21,5,Hayes Grier,0.11686475750086088
21,5,Nick Carter,0.11650282096983969
21,5,Paula Deen,0.12863134568954254
21,5,Tamar Braxton,0.16507657479790327
21,6,Alek Skarlatos,0.1353528661663471
21,6,Alexa PenaVega,0.11180485357082579
21,6,Andy Grammer,0.09518094359470439
21,6,Bindi Irwin,0.12978881178962026
21,6,Carlos PenaVega,0.10516565457713198
21,6,Hayes Grier,0.11429531999491065
21,6,Nick Carter,0.14919673406247141
21,6,Paula Deen,0.07095724859588456
21,6,Tamar Braxton,0.10112684190869739
21,7,Alek Skarlatos,0.1376181324292552
21,7,Alexa PenaVega,0.1548497000721874
21,7,Andy Grammer,0.12506628850483387
21,7,Bindi Irwin,0.13848537013965362
21,7,Carlos PenaVega,0.11237265505377023
21,7,Hayes Grier,0.08874077885965809
21,7,Nick Carter,0.10775696853035995
21,7,Tamar Braxton,0.1294601750609057
21,8,Alek Skarlatos,0.13221446810041615
21,8,Alexa PenaVega,0.1282373886861341
21,8,Andy Grammer,0.12144440749508836
21,8,Bindi Irwin,0.15802450461267875
21,8,Carlos PenaVega,0.15428127071677417
21,8,Nick Carter,0.13123895892270143
21,8,Tamar Braxton,0.15982245336382284
21,9,Alek Skarlatos,0.19236003469198365
21,9,Alexa PenaVega,0.16635300761132954
21,9,Bindi Irwin,0.1755283991194407
21,9,Carlos PenaVega,0.16412729672644444
21,9,Nick Carter,0.1363191955533113
21,9,Tamar Braxton,0.16492323474583992
21,10,Alek Skarlatos,0.3238221895333852
21,10,Bindi Irwin,0.13724980226214886
21,10,Carlos PenaVega,0.19349384002384346
21,10,Nick Carter,0.30639662681810353
21,11,Alek Skarlatos,0.21598978691694035
21,11,Bindi Irwin,0.24344715614664325
21,11,Carlos PenaVega,0.2487150024564594
21,11,Nick Carter,0.1716711959237039
22,1,Antonio Brown,0.1263993466163362
22,1,Doug Flutie,0.10736175730430683
22,1,Geraldo Rivera,0.10452006307757251
22,1,Ginger Zee,0.09688598280482735
22,1,Jodie Sweetin,0.09509821554104797
22,1,Kim Fields,0.09055459377710356
22,1,Marla Maples,0.09420694909491442
22,1,Mischa Barton,0.09185233007383252
22,1,Nyle DiMarco,0.11193062431682335
22,1,Paige VanZant,0.09190250403379949
22,1,Von Miller,0.09595842965817847
22,1,Wanya Morris,0.09083418312819898
22,2,Antonio Brown,0.10436865635697212
22,2,Doug Flutie,0.07252967445616523
22,2,Geraldo Rivera,0.06394583705453855
22,2,Ginger Zee,0.09766200822573033
22,2,Jodie Sweetin,0.09986851427038161
22,2,Kim Fields,0.08688385271215551
22,2,Marla Maples,0.10671383931401528
22,2,Mischa Barton,0.09785805167891587
22,2,Nyle DiMarco,0.10890648700256939
22,2,Paige VanZant,0.07776036402128589
22,2,Von Miller,0.0858615550018368
22,2,Wanya Morris,0.0821186799558176
22,3,Antonio Brown,0.10789121651699995
22,3,Doug Flutie,0.10110565496871285
22,3,Ginger Zee,0.09549731940086939
22,3,Jodie Sweetin,0.08760327398015975
22,3,Kim Fields,0.10953505384610947
22,3,Marla Maples,0.10858349043416621
22,3,Mischa Barton,0.0746130477037159
22,3,Nyle DiMarco,0.10574791524740645
22,3,Paige VanZant,0.09664338122212197
22,3,Von Miller,0.08956415860819583
22,3,Wanya Morris,0.11317277980311312
22,4,Antonio Brown,0.10615783693865226
22,4,Doug Flutie,0.1104558716250259
22,4,Ginger Zee,0.10596152139530363
22,4,Jodie Sweetin,0.11943032715052868
22,4,Kim Fields,0.12312643685130853
22,4,Marla Maples,0.08094736662259017
22,4,Nyle DiMarco,0.11969439909143412
22,4,Paige VanZant,0.10922478474950609
22,4,Von Miller,0.09877814397750305
22,4,Wanya Morris,0.11303787189403414
22,5,Antonio Brown,0.12533999266782375
22,5,Doug Flutie,0.12304080608313107
22,5,Ginger Zee,0.12762875721459782
22,5,Jodie Sweetin,0.08582508242319989
22,5,Kim Fields,0.11843614223891458
22,5,Nyle DiMarco,0.1419254022759024
22,5,Paige VanZant,0.13861293335383468
22,5,Von Miller,0.15562652534832627
22,5,Wanya Morris,0.11637756173781653
22,6,Antonio Brown,0.11453798957518786
22,6,Doug Flutie,0.0886997626465203
22,6,Ginger Zee,0.10971089503842682
22,6,Jodie Sweetin,0.11763775742445967
22,6,Kim Fields,0.10346058103843633
22,6,Nyle DiMarco,0.1055141000351332
22,6,Paige VanZant,0.10138025728129497
22,6,Von Miller,0.14975363661873034
22,6,Wanya Morris,0.1442204995730969
22,7,Antonio Brown,0.09019846757154254
22,7,Ginger Zee,0.12457787084081504
22,7,Jodie Sweetin,0.1282517224078865
22,7,Kim Fields,0.15884723983061177
22,7,Nyle DiMarco,0.1044307145425315
22,7,Paige VanZant,0.11690809531962496
22,7,Von Miller,0.14865874646197047
22,7,Wanya Morris,0.16293269619711256
22,8,Antonio Brown,0.15341742218712978
22,8,Ginger Zee,0.13398651027975117
22,8,Jodie Sweetin,0.13039175865462174
22,8,Nyle DiMarco,0.1901420073095756
22,8,Paige VanZant,0.18928731306300586
22,8,Wanya Morris,0.16129044196319245
22,9,Antonio Brown,0.2612937520234717
22,9,Ginger Zee,0.1460935194136494
22,9,Nyle DiMarco,0.14446408966808277
22,9,Paige VanZant,0.21118717259981445
22,9,Wanya Morris,0.2435042530167543
22,10,Ginger Zee,0.4206332659353692
22,10,Nyle DiMarco,0.33192365324154655
22,10,Paige VanZant,0.39485562388256545
23,1,Amber Rose,0.0
23,1,Babyface,0.0
23,1,Calvin Johnson Jr.,0.0
23,1,Jake T. Austin,0.0
23,1,James Hinchcliffe,0.0
23,1,Jana Kramer,0.0
23,1,Laurie Hernandez,0.0
23,1,Marilu Henner,0.0
23,1,Maureen McCormick,0.0
23,1,Rick Perry,0.0
23,1,Ryan Lochte,0.0
23,1,Terra Jole,0.0
23,1,Vanilla Ice,0.0
23,2,Amber Rose,0.0
23,2,Babyface,0.0
23,2,Calvin Johnson Jr.,0.0
23,2,Jake T. Austin,0.0
23,2,James Hinchcliffe,0.0
23,2,Jana Kramer,0.0
23,2,Laurie Hernandez,0.0
23,2,Marilu Henner,0.0
23,2,Maureen McCormick,0.0
23,2,Rick Perry,0.0
23,2,Ryan Lochte,0.0
23,2,Terra Jole,0.0
23,2,Vanilla Ice,0.0
23,3,Amber Rose,0.0
23,3,Babyface,0.0
23,3,Calvin Johnson Jr.,0.0
23,3,James Hinchcliffe,0.0
23,3,Jana Kramer,0.0
23,3,Laurie Hernandez,0.0
23,3,Marilu Henner,0.0
23,3,Maureen McCormick,0.0
23,3,Rick Perry,0.0
23,3,Ryan Lochte,0.0
23,3,Terra Jole,0.0
23,3,Vanilla Ice,0.0
23,4,Amber Rose,0.0
23,4,Babyface,0.0
23,4,Calvin Johnson Jr.,0.0
23,4,James Hinchcliffe,0.0
23,4,Jana Kramer,0.0
23,4,Laurie Hernandez,0.0
23,4,Marilu Henner,0.0
23,4,Maureen McCormick,0.0
23,4,Ryan Lochte,0.0
23,4,Terra Jole,0.0
23,4,Vanilla Ice,0.0
23,5,Amber Rose,0.0
23,5,Calvin Johnson Jr.,0.0
23,5,James Hinchcliffe,0.0
23,5,Jana Kramer,0.0
23,5,Laurie Hernandez,0.0
23,5,Marilu Henner,0.0
23,5,Maureen McCormick,0.0
23,5,Ryan Lochte,0.0
23,5,Terra Jole,0.0
23,6,Amber Rose,0.0
23,6,Calvin Johnson Jr.,0.0
23,6,James Hinchcliffe,0.0
23,6,Jana Kramer,0.0
23,6,Laurie Hernandez,0.0
23,6,Marilu Henner,0.0
23,6,Maureen McCormick,0.0
23,6,Ryan Lochte,0.0
23,6,Terra Jole,0.0
23,7,Calvin Johnson Jr.,0.0
23,7,James Hinchcliffe,0.0
23,7,Jana Kramer,0.0
23,7,Laurie Hernandez,0.0
23,7,Marilu Henner,0.0
23,7,Maureen McCormick,0.0
23,7,Ryan Lochte,0.0
23,7,Terra Jole,0.0
23,8,Calvin Johnson Jr.,0.0
23,8,James Hinchcliffe,0.0
23,8,Jana Kramer,0.0
23,8,Laurie Hernandez,0.0
23,8,Marilu Henner,0.0
23,8,Ryan Lochte,0.0
23,8,Terra Jole,0.0
23,9,Calvin Johnson Jr.,0.0
23,9,James Hinchcliffe,0.0
23,9,Jana Kramer,0.0
23,9,Laurie Hernandez,0.0
23,9,Marilu Henner,0.0
23,9,Terra Jole,0.0
23,10,Calvin Johnson Jr.,0.0
23,10,James Hinchcliffe,0.0
23,10,Jana Kramer,0.0
23,10,Laurie Hernandez,0.0
23,10,Terra Jole,0.0
23,11,Calvin Johnson Jr.,0.0
23,11,James Hinchcliffe,0.0
23,11,Jana Kramer,0.0
23,11,Laurie Hernandez,0.0
24,1,Bonner Bolton,0.0
24,1,Charo,0.0
24,1,Chris Kattan,0.0
24,1,David Ross,0.0
24,1,Erika Jayne,0.0
24,1,Heather Morris,0.0
24,1,Mr. T,0.0
24,1,Nancy Kerrigan,0.0
24,1,Nick Viall,0.0
24,1,Normani,0.0
24,1,Rashad Jennings,0.0
24,1,Simone Biles,0.0
24,2,Bonner Bolton,0.0
24,2,Charo,0.0
24,2,Chris Kattan,0.0
24,2,David Ross,0.0
24,2,Erika Jayne,0.0
24,2,Heather Morris,0.0
24,2,Mr. T,0.0
24,2,Nancy Kerrigan,0.0
24,2,Nick Viall,0.0
24,2,Normani,0.0
24,2,Rashad Jennings,0.0
24,2,Simone Biles,0.0
24,3,Bonner Bolton,0.0
24,3,Charo,0.0
24,3,David Ross,0.0
24,3,Erika Jayne,0.0
24,3,Heather Morris,0.0
24,3,Mr. T,0.0
24,3,Nancy Kerrigan,0.0
24,3,Nick Viall,0.0
24,3,Normani,0.0
24,3,Rashad Jennings,0.0
24,3,Simone Biles,0.0
24,4,Bonner Bolton,0.0
24,4,David Ross,0.0
24,4,Erika Jayne,0.0
24,4,Heather Morris,0.0
24,4,Mr. T,0.0
24,4,Nancy Kerrigan,0.0
24,4,Nick Viall,0.0
24,4,Normani,0.0
24,4,Rashad Jennings,0.0
24,4,Simone Biles,0.0
24,5,Bonner Bolton,0.0
24,5,David Ross,0.0
24,5,Erika Jayne,0.0
24,5,Heather Morris,0.0
24,5,Nancy Kerrigan,0.0
24,5,Nick Viall,0.0
24,5,Normani,0.0
24,5,Rashad Jennings,0.0
24,5,Simone Biles,0.0
24,6,Bonner Bolton,0.0
24,6,David Ross,0.0
24,6,Heather Morris,0.0
24,6,Nancy Kerrigan,0.0
24,6,Nick Viall,0.0
24,6,Normani,0.0
24,6,Rashad Jennings,0.0
24,6,Simone Biles,0.0
24,7,Bonner Bolton,0.0
24,7,David Ross,0.0
24,7,Nancy Kerrigan,0.0
24,7,Nick Viall,0.0
24,7,Normani,0.0
24,7,Rashad Jennings,0.0
24,7,Simone Biles,0.0
24,8,Bonner Bolton,0.0
24,8,David Ross,0.0
24,8,Normani,0.0
24,8,Rashad Jennings,0.0
24,8,Simone Biles,0.0
24,9,David Ross,0.0
24,9,Normani,0.0
24,9,Rashad Jennings,0.0
24,9,Simone Biles,0.0
24,10,David Ross,0.0
24,10,Normani,0.0
24,10,Rashad Jennings,0.0
25,1,Barbara Corcoran,0.0543220163712268
25,1,Debbie Gibson,0.05624211551870297
25,1,Derek Fisher,0.05252274573471921
25,1,Drew Scott,0.06674380963572665
25,1,Frankie Muniz,0.05458222750184751
25,1,Jordan Fisher,0.06119854459340493
25,1,Lindsey Stirling,0.05862831686875171
25,1,Nick Lachey,0.056621468380373866
25,1,Nikki Bella,0.06014954337748305
25,1,Sasha Pieterse,0.062378703901576515
25,1,Terrell Owens,0.0580515197375674
25,1,Vanessa Lachey,0.05276385297199475
25,1,Victoria Arlen,0.07257763379042657
25,2,Barbara Corcoran,0.0748690069245051
25,2,Debbie Gibson,0.08774048287605385
25,2,Derek Fisher,0.0673321278757767
25,2,Drew Scott,0.0643444796778608
25,2,Frankie Muniz,0.06881010299849077
25,2,Jordan Fisher,0.05304430315116114
25,2,Lindsey Stirling,0.05546640685455004
25,2,Nick Lachey,0.05849753751087087
25,2,Nikki Bella,0.058266555043519484
25,2,Sasha Pieterse,0.04508640191219802
25,2,Terrell Owens,0.06137911328423992
25,2,Vanessa Lachey,0.06874167169893682
25,2,Victoria Arlen,0.054728982201942444
25,3,Derek Fisher,0.06591718536207145
25,3,Drew Scott,0.06300197463824334
25,3,Frankie Muniz,0.05425536187088563
25,3,Jordan Fisher,0.07247167293817872
25,3,Lindsey Stirling,0.058812973052690454
25,3,Nick Lachey,0.08205721125318204
25,3,Nikki Bella,0.057821994197370385
25,3,Sasha Pieterse,0.09523320111178048
25,3,Terrell Owens,0.06695718599658895
25,3,Vanessa Lachey,0.06967373624710035
25,3,Victoria Arlen,0.08454902073336838
25,4,Derek Fisher,0.09000808026223316
25,4,Drew Scott,0.0668601797070553
25,4,Frankie Muniz,0.06997432550417257
25,4,Jordan Fisher,0.0747897509712085
25,4,Lindsey Stirling,0.05165493499582002
25,4,Nick Lachey,0.06542249038100581
25,4,Nikki Bella,0.08680192083669527
25,4,Sasha Pieterse,0.0721679537257459
25,4,Terrell Owens,0.059551898984576156
25,4,Vanessa Lachey,0.06860903992622794
25,4,Victoria Arlen,0.05776851662707002
25,5,Drew Scott,0.060658009468232424
25,5,Frankie Muniz,0.07731178281662882
25,5,Jordan Fisher,0.06167249559982645
25,5,Lindsey Stirling,0.06519830651044911
25,5,Nick Lachey,0.08346986738333512
25,5,Nikki Bella,0.07503866712239464
25,5,Sasha Pieterse,0.08806549255200709
25,5,Terrell Owens,0.059803527730867515
25,5,Vanessa Lachey,0.07616901649939742
25,5,Victoria Arlen,0.07062179990292757
25,6,Drew Scott,0.07591977582561342
25,6,Frankie Muniz,0.09376757079744565
25,6,Jordan Fisher,0.07347693677722662
25,6,Lindsey Stirling,0.0793197786305101
25,6,Nick Lachey,0.08621254567003295
25,6,Nikki Bella,0.06912647037367303
25,6,Terrell Owens,0.07699237856847702
25,6,Vanessa Lachey,0.08725875836654831
25,6,Victoria Arlen,0.0715343188144485
25,7,Drew Scott,0.08477230718346458
25,7,Frankie Muniz,0.10140318263861975
25,7,Jordan Fisher,0.08174098599443254
25,7,Lindsey Stirling,0.07822342428714474
25,7,Nikki Bella,0.11690944744219742
25,7,Terrell Owens,0.08859096693903509
25,7,Vanessa Lachey,0.08170297005303093
25,7,Victoria Arlen,0.07160219111798838
25,8,Drew Scott,0.11285296291570868
25,8,Frankie Muniz,0.10052512341407947
25,8,Jordan Fisher,0.13425406794188313
25,8,Lindsey Stirling,0.12870082336153296
25,8,Terrell Owens,0.15662151824411286
25,8,Victoria Arlen,0.14761516228265656
25,9,Drew Scott,0.12712384886342176
25,9,Frankie Muniz,0.1839424073784301
25,9,Jordan Fisher,0.13362920373295642
25,9,Lindsey Stirling,0.16158702643265357
25,9,Victoria Arlen,0.155726387034131
25,10,Drew Scott,0.2357853641303843
25,10,Frankie Muniz,0.2239245605253265
25,10,Jordan Fisher,0.1313251173260116
25,10,Lindsey Stirling,0.17607863880260818
26,1,Adam Rippon,0.11294108862509884
26,1,Arike Ogunbowale,0.1142967495539822
26,1,Chris Mazdzer,0.1094952725747855
26,1,Jamie Anderson,0.1258477850293588
26,1,Jennie Finch Daigle,0.09124070940423562
26,1,Johnny Damon,0.13004625695232075
26,1,Josh Norman,0.11120238640538423
26,1,Kareem Abdul-Jabbar,0.09284115213391637
26,1,Mirai Nagasu,0.11672950979053207
26,1,Tonya Harding,0.09940784138540543
26,2,Adam Rippon,0.11266019793229114
26,2,Arike Ogunbowale,0.13708599226861112
26,2,Chris Mazdzer,0.14850492499465387
26,2,Jennie Finch Daigle,0.15905187393792825
26,2,Josh Norman,0.11221221810097068
26,2,Kareem Abdul-Jabbar,0.13330950285675164
26,2,Mirai Nagasu,0.1177812423617163
26,2,Tonya Harding,0.12383246735270989
26,3,Adam Rippon,0.1328335314453189
26,3,Chris Mazdzer,0.1806421688912291
26,3,Jennie Finch Daigle,0.2443401478029642
26,3,Josh Norman,0.11446490525254245
26,3,Mirai Nagasu,0.2847570000125824
26,3,Tonya Harding,0.1430015923907437
26,4,Adam Rippon,0.5104521152727761
26,4,Josh Norman,0.2660049446913699
26,4,Tonya Harding,0.4605157249739454
27,1,Alexis Ren,0.09622627746637266
27,1,Bobby Bones,0.09598398571987918
27,1,Danelle Umstead,0.07739527997859746
27,1,DeMarcus Ware,0.08550406523506195
27,1,Evanna Lynch,0.08656124611461524
27,1,Joe Amabile,0.0833807044565598
27,1,John Schneider,0.09111908100685663
27,1,Juan Pablo Di Pace,0.07616875325911576
27,1,Mary Lou Retton,0.09918799564077886
27,1,Milo Manheim,0.08660209039936868
27,1,Nancy McKeon,0.08823900215900042
27,1,Nikki Glaser,0.06791436417303805
27,1,Tinashe,0.08928649590385448
27,2,Alexis Ren,0.08840841551525114
27,2,Bobby Bones,0.10444592547546623
27,2,Danelle Umstead,0.0577333863662656
27,2,DeMarcus Ware,0.08339951226252823
27,2,Evanna Lynch,0.10708969473634264
27,2,Joe Amabile,0.10359507746007171
27,2,John Schneider,0.08762018097222801
27,2,Juan Pablo Di Pace,0.09063042238964378
27,2,Mary Lou Retton,0.0905486908019029
27,2,Milo Manheim,0.10728415931681393
27,2,Nancy McKeon,0.11656838833240006
27,2,Tinashe,0.09390633106134148
27,3,Alexis Ren,0.11104117290196919
27,3,Bobby Bones,0.10166442829169413
27,3,DeMarcus Ware,0.09201514374393452
27,3,Evanna Lynch,0.08707950336548967
27,3,Joe Amabile,0.1055596482767102
27,3,John Schneider,0.09971586561080104
27,3,Juan Pablo Di Pace,0.11772144605281679
27,3,Mary Lou Retton,0.10504445728265162
27,3,Milo Manheim,0.09576832866200227
27,3,Nancy McKeon,0.08150644881719929
27,3,Tinashe,0.09289626381358304
27,4,Alexis Ren,0.11768727996684573
27,4,Bobby Bones,0.11802543205095345
27,4,DeMarcus Ware,0.09129986352024609
27,4,Evanna Lynch,0.1080022815401264
27,4,Joe Amabile,0.12331982279013398
27,4,John Schneider,0.0936918126344816
27,4,Juan Pablo Di Pace,0.14601396243961637
27,4,Mary Lou Retton,0.1053340173881003
27,4,Milo Manheim,0.13442855170685156
27,4,Tinashe,0.07680942491807585
27,5,Alexis Ren,0.15074630844362832
27,5,Bobby Bones,0.12075717778936038
27,5,DeMarcus Ware,0.09790580642596122
27,5,Evanna Lynch,0.1561551512597813
27,5,Joe Amabile,0.1584569823321536
27,5,John Schneider,0.14769789529667154
27,5,Juan Pablo Di Pace,0.11325993120252217
27,5,Mary Lou Retton,0.13625762763468835
27,5,Milo Manheim,0.10730608111266197
27,6,Alexis Ren,0.09078291135985608
27,6,Bobby Bones,0.08360591546494814
27,6,DeMarcus Ware,0.1287826337459377
27,6,Evanna Lynch,0.1273295792707158
27,6,Joe Amabile,0.1260696924864487
27,6,John Schneider,0.11890839787559747
27,6,Juan Pablo Di Pace,0.1347462968005777
27,6,Mary Lou Retton,0.09481779569415028
27,6,Milo Manheim,0.11766574084481585
27,7,Alexis Ren,0.11056416759646498
27,7,Bobby Bones,0.12062849749744689
27,7,DeMarcus Ware,0.15455353833613344
27,7,Evanna Lynch,0.13885424273395947
27,7,Joe Amabile,0.1188653163735403
27,7,John Schneider,0.15879767798679825
27,7,Juan Pablo Di Pace,0.10370761455959751
27,7,Milo Manheim,0.1052018674145152
27,8,Alexis Ren,0.1573495141333612
27,8,Bobby Bones,0.16094022712737172
27,8,Evanna Lynch,0.1277039566664387
27,8,Joe Amabile,0.1574475252585216
27,8,Juan Pablo Di Pace,0.18389855220120166
27,8,Milo Manheim,0.12584616391177988
27,9,Alexis Ren,0.24944620033762507
27,9,Bobby Bones,0.17563826097253277
27,9,Evanna Lynch,0.23477359851842639
27,9,Milo Manheim,0.1915561168421161
28,1,Ally Brooke,0.0
28,1,Hannah Brown,0.0
28,1,James Van Der Beek,0.0
28,1,Karamo Brown,0.0
28,1,Kate Flannery,0.0
28,1,Kel Mitchell,0.0
28,1,Lamar Odom,0.0
28,1,Lauren Alaina,0.0
28,1,Mary Wilson,0.0
28,1,Ray Lewis,0.0
28,1,Sailor Brinkley-Cook,0.0
28,1,Sean Spicer,0.0
28,2,Ally Brooke,0.0
28,2,Hannah Brown,0.0
28,2,James Van Der Beek,0.0
28,2,Karamo Brown,0.0
28,2,Kate Flannery,0.0
28,2,Kel Mitchell,0.0
28,2,Lamar Odom,0.0
28,2,Lauren Alaina,0.0
28,2,Mary Wilson,0.0
28,2,Ray Lewis,0.0
28,2,Sailor Brinkley-Cook,0.0
28,2,Sean Spicer,0.0
28,3,Ally Brooke,0.0
28,3,Hannah Brown,0.0
28,3,James Van Der Beek,0.0
28,3,Karamo Brown,0.0
28,3,Kate Flannery,0.0
28,3,Kel Mitchell,0.0
28,3,Lamar Odom,0.0
28,3,Lauren Alaina,0.0
28,3,Sailor Brinkley-Cook,0.0
28,3,Sean Spicer,0.0
28,4,Ally Brooke,0.0
28,4,Hannah Brown,0.0
28,4,James Van Der Beek,0.0
28,4,Karamo Brown,0.0
28,4,Kate Flannery,0.0
28,4,Kel Mitchell,0.0
28,4,Lamar Odom,0.0
28,4,Lauren Alaina,0.0
28,4,Sailor Brinkley-Cook,0.0
28,4,Sean Spicer,0.0
28,5,Ally Brooke,0.0
28,5,Hannah Brown,0.0
28,5,James Van Der Beek,0.0
28,5,Karamo Brown,0.0
28,5,Kate Flannery,0.0
28,5,Kel Mitchell,0.0
28,5,Lauren Alaina,0.0
28,5,Sailor Brinkley-Cook,0.0
28,5,Sean Spicer,0.0
28,6,Ally Brooke,0.0
28,6,Hannah Brown,0.0
28,6,James Van Der Beek,0.0
28,6,Karamo Brown,0.0
28,6,Kate Flannery,0.0
28,6,Kel Mitchell,0.0
28,6,Lauren Alaina,0.0
28,6,Sailor Brinkley-Cook,0.0
28,6,Sean Spicer,0.0
28,7,Ally Brooke,0.0
28,7,Hannah Brown,0.0
28,7,James Van Der Beek,0.0
28,7,Karamo Brown,0.0
28,7,Kate Flannery,0.0
28,7,Kel Mitchell,0.0
28,7,Lauren Alaina,0.0
28,7,Sean Spicer,0.0
28,8,Ally Brooke,0.0
28,8,Hannah Brown,0.0
28,8,James Van Der Beek,0.0
28,8,Kate Flannery,0.0
28,8,Kel Mitchell,0.0
28,8,Lauren Alaina,0.0
28,8,Sean Spicer,0.0
28,9,Ally Brooke,0.0
28,9,Hannah Brown,0.0
28,9,James Van Der Beek,0.0
28,9,Kel Mitchell,0.0
28,9,Lauren Alaina,0.0
28,9,Sean Spicer,0.0
28,10,Ally Brooke,0.0
28,10,Hannah Brown,0.0
28,10,James Van Der Beek,0.0
28,10,Kel Mitchell,0.0
28,10,Lauren Alaina,0.0
28,11,Ally Brooke,0.0
28,11,Hannah Brown,0.0
28,11,Kel Mitchell,0.0
28,11,Lauren Alaina,0.0
29,1,AJ McLean,0.08272879774705746
29,1,Anne Heche,0.08187249337383842
29,1,Carole Baskin,0.07586935107707568
29,1,Charles Oakley,0.08663531033483016
29,1,Chrishell Stause,0.08321748353544331
29,1,Jeannie Mai,0.08112145541803363
29,1,Jesse Metcalfe,0.0886545644343321
29,1,Johnny Weir,0.08220296487800947
29,1,Justina Machado,0.08676969597450576
29,1,Kaitlyn Bristowe,0.09048748206472093
29,1,Monica Aldama,0.0835579328310393
29,1,Nelly,0.08283556198114661
29,1,Nev Schulman,0.08544048078313106
29,1,Skai Jackson,0.08418613684608285
29,1,Veron Davis,0.07864106853265261
29,2,AJ McLean,0.07893755831524546
29,2,Anne Heche,0.0809839032720185
29,2,Carole Baskin,0.09506121267606121
29,2,Charles Oakley,0.08595395206845444
29,2,Chrishell Stause,0.07899876768039596
29,2,Jeannie Mai,0.07638994873722886
29,2,Jesse Metcalfe,0.09201340860659027
29,2,Johnny Weir,0.08790826712115067
29,2,Justina Machado,0.08515480132534162
29,2,Kaitlyn Bristowe,0.08879410597110843
29,2,Monica Aldama,0.0740244801333772
29,2,Nelly,0.09066005796371632
29,2,Nev Schulman,0.08450210218623891
29,2,Skai Jackson,0.07789967515111136
29,2,Veron Davis,0.08849337392419102
29,3,AJ McLean,0.08225367889284388
29,3,Anne Heche,0.08547328998042768
29,3,Carole Baskin,0.10251704545698068
29,3,Chrishell Stause,0.10088314389893929
29,3,Jeannie Mai,0.09020965841817816
29,3,Jesse Metcalfe,0.0849361117788985
29,3,Johnny Weir,0.08823575040618337
29,3,Justina Machado,0.0930566597354266
29,3,Kaitlyn Bristowe,0.09728556106795823
29,3,Monica Aldama,0.09416867679612294
29,3,Nelly,0.08069502282910468
29,3,Nev Schulman,0.0894330675025683
29,3,Skai Jackson,0.09000234598705141
29,3,Veron Davis,0.08949217461942187
29,4,AJ McLean,0.10506229291059063
29,4,Anne Heche,0.08416460392927368
29,4,Chrishell Stause,0.09926108472473541
29,4,Jeannie Mai,0.09606269977164424
29,4,Jesse Metcalfe,0.09979043759417525
29,4,Johnny Weir,0.103352083156494
29,4,Justina Machado,0.08471973336837965
29,4,Kaitlyn Bristowe,0.09670043305982912
29,4,Monica Aldama,0.08659067966383904
29,4,Nelly,0.09692626293757964
29,4,Nev Schulman,0.08495491873527461
29,4,Skai Jackson,0.10900392449578915
29,4,Veron Davis,0.0862982812810468
29,5,AJ McLean,0.0965890445855341
29,5,Chrishell Stause,0.10677960215402793
29,5,Jeannie Mai,0.0923371827537753
29,5,Jesse Metcalfe,0.08389286768470003
29,5,Johnny Weir,0.10180218132016523
29,5,Justina Machado,0.10354789493344649
29,5,Kaitlyn Bristowe,0.10803426557685175
29,5,Monica Aldama,0.0931335034759945
29,5,Nelly,0.1259712815857637
29,5,Nev Schulman,0.08918769015297602
29,5,Skai Jackson,0.09151645375055223
29,5,Veron Davis,0.10715664802562866
29,6,AJ McLean,0.1195349823844625
29,6,Chrishell Stause,0.09862351145277105
29,6,Jeannie Mai,0.10341720599824133
29,6,Johnny Weir,0.10203341636948793
29,6,Justina Machado,0.10983977606582918
29,6,Kaitlyn Bristowe,0.12041344426285869
29,6,Monica Aldama,0.11428483515529664
29,6,Nelly,0.10893986536105069
29,6,Nev Schulman,0.11362693635799692
29,6,Skai Jackson,0.10497784474837209
29,6,Veron Davis,0.09762535017026638
29,7,AJ McLean,0.12893123431151723
29,7,Chrishell Stause,0.10418006771622255
29,7,Jeannie Mai,0.10528716031133359
29,7,Johnny Weir,0.09788341327708147
29,7,Justina Machado,0.1293716509440159
29,7,Kaitlyn Bristowe,0.1130865748824045
29,7,Monica Aldama,0.11683370011608814
29,7,Nelly,0.11476343330326992
29,7,Nev Schulman,0.11750840221670084
29,7,Skai Jackson,0.11882983794988611
29,8,AJ McLean,0.15962394626461215
29,8,Chrishell Stause,0.07723053437522397
29,8,Johnny Weir,0.13113762021500583
29,8,Justina Machado,0.17412886503029407
29,8,Kaitlyn Bristowe,0.1293625689384445
29,8,Nelly,0.1376356449914854
29,8,Nev Schulman,0.12233999396198716
29,8,Skai Jackson,0.12650262254196704
29,9,AJ McLean,0.12452648948783605
29,9,Johnny Weir,0.16020364838176576
29,9,Justina Machado,0.19065527803572443
29,9,Kaitlyn Bristowe,0.14228753349268008
29,9,Nelly,0.18815566937645026
29,9,Nev Schulman,0.19336925239456393
29,9,Skai Jackson,0.11453118302949997
29,10,Johnny Weir,0.16699241831640388
29,10,Justina Machado,0.19715506407811548
29,10,Kaitlyn Bristowe,0.16924073105949056
29,10,Nelly,0.20379044073699612
29,10,Nev Schulman,0.15418838759618209
29,10,Skai Jackson,0.14978662294391987
29,11,Justina Machado,0.2151263145538138
29,11,Kaitlyn Bristowe,0.26711794481122775
29,11,Nelly,0.22171674043590545
29,11,Nev Schulman,0.21587797295194677
30,1,Amanda Kloots,0.08645025419995041
30,1,Brian Austin Green,0.08736895543178999
30,1,Christine Chiu,0.08191449399577996
30,1,Cody Rigsby,0.06963800238317314
30,1,Iman Shumpert,0.08486189833228634
30,1,Jimmie Allen,0.08182882243118837
30,1,JoJo Siwa,0.09974755043913415
30,1,Kenya Moore,0.0835499587555515
30,1,Martin Kove,0.10003826777469063
30,1,Matt James,0.08433526418600355
30,1,Melanie C,0.08842912071903605
30,1,Melora Hardin,0.07506247160762348
30,1,"Mike ""The Miz"" Mizanin",0.08647419750208135
30,1,Olivia Jade,0.08768601876441662
30,1,Suni Lee,0.08731369177747972
30,2,Amanda Kloots,0.0940611303673805
30,2,Brian Austin Green,0.07343106464341208
30,2,Christine Chiu,0.07140330984466589
30,2,Cody Rigsby,0.07885702575806089
30,2,Iman Shumpert,0.08423493082757158
30,2,Jimmie Allen,0.0884085630090973
30,2,JoJo Siwa,0.09879142372032464
30,2,Kenya Moore,0.07489135047108793
30,2,Martin Kove,0.08705872462660845
30,2,Matt James,0.0725663552370392
30,2,Melanie C,0.09444369125308005
30,2,Melora Hardin,0.09326229501809358
30,2,"Mike ""The Miz"" Mizanin",0.0746316040941027
30,2,Olivia Jade,0.08484148904411802
30,2,Suni Lee,0.07848561139676617
30,3,Amanda Kloots,0.09606780078896385
30,3,Brian Austin Green,0.09848235243645666
30,3,Christine Chiu,0.04873593127864545
30,3,Cody Rigsby,0.07520687841321966
30,3,Iman Shumpert,0.0910648079388352
30,3,Jimmie Allen,0.09142419637732228
30,3,JoJo Siwa,0.07778549364138826
30,3,Kenya Moore,0.07142110065877641
30,3,Matt James,0.09657005269424779
30,3,Melanie C,0.09795303696093145
30,3,Melora Hardin,0.0955967207637225
30,3,"Mike ""The Miz"" Mizanin",0.10092706506601137
30,3,Olivia Jade,0.08689159624716283
30,3,Suni Lee,0.09678569720121714
30,4,Amanda Kloots,0.10483302472579639
30,4,Brian Austin Green,0.09546150123102949
30,4,Cody Rigsby,0.09266307303104686
30,4,Iman Shumpert,0.08813571753904761
30,4,Jimmie Allen,0.09922253748153315
30,4,JoJo Siwa,0.09059734854958108
30,4,Kenya Moore,0.09770924321620318
30,4,Matt James,0.07945983805754289
30,4,Melanie C,0.10432290667858256
30,4,Melora Hardin,0.09930595739367602
30,4,"Mike ""The Miz"" Mizanin",0.10287148098393187
30,4,Olivia Jade,0.0915123511477712
30,4,Suni Lee,0.10133924036097333
30,5,Amanda Kloots,0.10440333956162845
30,5,Cody Rigsby,0.11250073883939646
30,5,Iman Shumpert,0.12199513781321172
30,5,Jimmie Allen,0.1187491224442501
30,5,JoJo Siwa,0.11818827919462752
30,5,Kenya Moore,0.11302042818193443
30,5,Melanie C,0.016935418723515294
30,5,Melora Hardin,0.08877707608816637
30,5,"Mike ""The Miz"" Mizanin",0.1005606031968334
30,5,Olivia Jade,0.10855603249507521
30,5,Suni Lee,0.12283396563395244
30,6,Amanda Kloots,0.13330094845501206
30,6,Cody Rigsby,0.10360808018907051
30,6,Iman Shumpert,0.11061989666096052
30,6,Jimmie Allen,0.13146986182487164
30,6,JoJo Siwa,0.10709911944940789
30,6,Kenya Moore,0.10110979117510224
30,6,Melora Hardin,0.12063747948149578
30,6,"Mike ""The Miz"" Mizanin",0.13066834587876208
30,6,Olivia Jade,0.1185913419032544
30,6,Suni Lee,0.1340855417627986
30,7,Amanda Kloots,0.1446178201341615
30,7,Cody Rigsby,0.13332718412920397
30,7,Iman Shumpert,0.12424931415188037
30,7,Jimmie Allen,0.14393173997369374
30,7,JoJo Siwa,0.135923661000811
30,7,Melora Hardin,0.10026157263896901
30,7,"Mike ""The Miz"" Mizanin",0.1394619375159883
30,7,Olivia Jade,0.13733801137758303
30,7,Suni Lee,0.14734803226339183
30,8,Amanda Kloots,0.16358437022366892
30,8,Cody Rigsby,0.14752024919953047
30,8,Iman Shumpert,0.19369218947177166
30,8,Jimmie Allen,0.13597255019877147
30,8,JoJo Siwa,0.1192931123177416
30,8,Melora Hardin,0.12133426386888069
30,8,Olivia Jade,0.12925593464050902
30,8,Suni Lee,0.15698689811826513
30,9,Amanda Kloots,0.1961919061346461
30,9,Cody Rigsby,0.1598436240926368
30,9,Iman Shumpert,0.25174218250719343
30,9,JoJo Siwa,0.16913011632296018
30,9,Melora Hardin,0.10343012329387863
30,9,Suni Lee,0.17649242178263624
30,10,Amanda Kloots,0.23956955511945616
30,10,Cody Rigsby,0.2847900012109796
30,10,Iman Shumpert,0.17429377816964364
30,10,JoJo Siwa,0.3563914595093982
31,1,Charli D'Amelio,0.08308725467361547
31,1,Cheryl Ladd,0.07010693219382566
31,1,Daniel Durant,0.07787391840764485
31,1,Gabby Windey,0.08961972595221628
31,1,Heidi D'Amelio,0.08121652230385294
31,1,Jason Lewis,0.07773985396249528
31,1,Jessie James Decker,0.08422825938226666
31,1,Jordin Sparks,0.0885869207120295
31,1,Joseph Baena,0.08415827472359336
31,1,Sam Champion,0.07288228383008408
31,1,Selma Blair,0.07878537441157935
31,1,Shangela,0.08083480528276916
31,1,Teresa Giudice,0.0778712880982381
31,1,Trevor Donovan,0.06871626102406347
31,1,Vinny Guadagnino,0.08368221198971437
31,1,Wayne Brady,0.08528850371477632
31,2,Charli D'Amelio,0.08808873728402583
31,2,Cheryl Ladd,0.0856588271748544
31,2,Daniel Durant,0.0803312684302205
31,2,Gabby Windey,0.08617865488710111
31,2,Heidi D'Amelio,0.0874806985337623
31,2,Jessie James Decker,0.09305010218776955
31,2,Jordin Sparks,0.09268066015216497
31,2,Joseph Baena,0.08883083615835319
31,2,Sam Champion,0.0802952216305119
31,2,Selma Blair,0.08219240699486763
31,2,Shangela,0.07638011489881959
31,2,Teresa Giudice,0.09211481811028424
31,2,Trevor Donovan,0.08034760656559453
31,2,Vinny Guadagnino,0.0830417895143193
31,2,Wayne Brady,0.08369784088709847
31,3,Charli D'Amelio,0.09364667035795546
31,3,Cheryl Ladd,0.08655118503191561
31,3,Daniel Durant,0.08985187311997542
31,3,Gabby Windey,0.0932889746343254
31,3,Heidi D'Amelio,0.08097314425387403
31,3,Jessie James Decker,0.09120935421614812
31,3,Jordin Sparks,0.08733275405964283
31,3,Joseph Baena,0.07629367797262046
31,3,Sam Champion,0.09258997475052952
31,3,Selma Blair,0.09891842655428115
31,3,Shangela,0.09588470715416449
31,3,Trevor Donovan,0.0891860170537481
31,3,Vinny Guadagnino,0.0957813082169548
31,3,Wayne Brady,0.08615841229999528
31,4,Charli D'Amelio,0.08807699679189203
31,4,Daniel Durant,0.09325499594092049
31,4,Gabby Windey,0.07827715001586788
31,4,Heidi D'Amelio,0.09287497049087046
31,4,Jessie James Decker,0.08888857840787942
31,4,Jordin Sparks,0.10568736190006352
31,4,Joseph Baena,0.08592592722420503
31,4,Sam Champion,0.09273036300771292
31,4,Selma Blair,0.0971206063106381
31,4,Shangela,0.11061050263573646
31,4,Trevor Donovan,0.09718570194069584
31,4,Vinny Guadagnino,0.09699782590097356
31,4,Wayne Brady,0.0972528470208131
31,5,Charli D'Amelio,0.10949667471350402
31,5,Daniel Durant,0.10650102241170313
31,5,Gabby Windey,0.10469667073990863
31,5,Heidi D'Amelio,0.09857733251436519
31,5,Jessie James Decker,0.10233864818157816
31,5,Jordin Sparks,0.12020925127678556
31,5,Joseph Baena,0.08174429005750171
31,5,Selma Blair,0.06554413948338664
31,5,Shangela,0.11244836953887287
31,5,Trevor Donovan,0.10081163117350181
31,5,Vinny Guadagnino,0.1180167995882285
31,5,Wayne Brady,0.11868439197155728
31,6,Charli D'Amelio,0.11900415417329793
31,6,Daniel Durant,0.13203365653632576
31,6,Gabby Windey,0.1312192603039104
31,6,Heidi D'Amelio,0.12341697832841192
31,6,Jessie James Decker,0.10388625947019166
31,6,Jordin Sparks,0.11680034844312487
31,6,Shangela,0.10951632599668105
31,6,Trevor Donovan,0.09397486090372156
31,6,Vinny Guadagnino,0.11756134423201028
31,6,Wayne Brady,0.1373313714992828
31,7,Charli D'Amelio,0.1556111720348843
31,7,Daniel Durant,0.12087072529801317
31,7,Gabby Windey,0.14397754422956832
31,7,Heidi D'Amelio,0.11404693485458786
31,7,Jordin Sparks,0.12163448266103577
31,7,Shangela,0.1354699879216274
31,7,Trevor Donovan,0.1541798966660611
31,7,Vinny Guadagnino,0.11722228311211053
31,7,Wayne Brady,0.0996658125268513
31,8,Charli D'Amelio,0.1698370711210887
31,8,Daniel Durant,0.15626165780770057
31,8,Gabby Windey,0.15806546658435627
31,8,Heidi D'Amelio,0.1677890344421328
31,8,Shangela,0.13769648062470935
31,8,Trevor Donovan,0.14645933217167773
31,8,Vinny Guadagnino,0.1461403712109926
31,8,Wayne Brady,0.10361957445987684
31,9,Charli D'Amelio,0.2210285108321169
31,9,Daniel Durant,0.20728853624911686
31,9,Gabby Windey,0.19896236130292538
31,9,Shangela,0.1360992741474833
31,9,Trevor Donovan,0.20990068108112359
31,9,Wayne Brady,0.1764742435207313
31,10,Charli D'Amelio,0.28501531932513835
31,10,Gabby Windey,0.2413656021133445
31,10,Shangela,0.2920871497289347
31,10,Wayne Brady,0.17165685454287571
32,1,Adrian Peterson,0.08828743824090932
32,1,Alyson Hannigan,0.0773079378037776
32,1,Ariana Madix,0.08987545135682241
32,1,Barry Williams,0.09311474787487108
32,1,Charity Lawson,0.09388738161420934
32,1,Harry Jowsey,0.08262354830434802
32,1,Jamie Lynn Spears,0.09254732262251038
32,1,Jason Mraz,0.08957724149702087
32,1,Lele Pons,0.09812497425744149
32,1,Matt Walsh,0.0806677018622975
32,1,Mauricio Umansky,0.08667793704326054
32,1,Mira Sorvino,0.07802572426511444
32,1,Tyson Beckford,0.09310283864983238
32,1,Xochitl Gomez,0.09787031688049724
32,2,Adrian Peterson,0.10514843875929633
32,2,Alyson Hannigan,0.09854440622696273
32,2,Ariana Madix,0.09035011027788709
32,2,Barry Williams,0.09414669861894953
32,2,Charity Lawson,0.09332377142126008
32,2,Harry Jowsey,0.09427615731101296
32,2,Jamie Lynn Spears,0.07063857863989997
32,2,Jason Mraz,0.09749518113556506
32,2,Lele Pons,0.10750969535940556
32,2,Mauricio Umansky,0.09776172902395075
32,2,Mira Sorvino,0.10133838030460258
32,2,Tyson Beckford,0.09239242801551423
32,2,Xochitl Gomez,0.09589732008571032
32,3,Adrian Peterson,0.1076372614517998
32,3,Alyson Hannigan,0.10406562325920932
32,3,Ariana Madix,0.08981915579298276
32,3,Barry Williams,0.12382744357660522
32,3,Charity Lawson,0.09331196638946228
32,3,Harry Jowsey,0.10171777738759283
32,3,Jason Mraz,0.1301038373628685
32,3,Lele Pons,0.08797447366818117
32,3,Mauricio Umansky,0.10103387560333701
32,3,Mira Sorvino,0.10051508538132928
32,3,Tyson Beckford,0.10041076855977596
32,3,Xochitl Gomez,0.10064077026361964
32,4,Adrian Peterson,0.056397877068250196
32,4,Alyson Hannigan,0.10060563636752667
32,4,Ariana Madix,0.11975970484318643
32,4,Barry Williams,0.11648628038563505
32,4,Charity Lawson,0.10353295957348782
32,4,Harry Jowsey,0.09695324831654309
32,4,Jason Mraz,0.09063376209582708
32,4,Lele Pons,0.11649100000632655
32,4,Mauricio Umansky,0.11311667326504866
32,4,Mira Sorvino,0.11696514092061536
32,4,Xochitl Gomez,0.1271929509559202
32,5,Alyson Hannigan,0.11836056615269826
32,5,Ariana Madix,0.10385493934526202
32,5,Barry Williams,0.1164587293107108
32,5,Charity Lawson,0.1060699479597081
32,5,Harry Jowsey,0.13881151507282483
32,5,Jason Mraz,0.1362109330188302
32,5,Lele Pons,0.13476210422055585
32,5,Mauricio Umansky,0.11817274610226568
32,5,Mira Sorvino,0.09774630543036532
32,5,Xochitl Gomez,0.10721677028531731
32,6,Alyson Hannigan,0.11351524696629428
32,6,Ariana Madix,0.16686004337995197
32,6,Barry Williams,0.15739283033927054
32,6,Charity Lawson,0.142318658608342
32,6,Harry Jowsey,0.17881991681569137
32,6,Jason Mraz,0.11853177269018328
32,6,Lele Pons,0.11821919487135847
32,6,Mauricio Umansky,0.07544287736333372
32,6,Xochitl Gomez,0.1593201724951
32,7,Alyson Hannigan,0.1608524470671447
32,7,Ariana Madix,0.15343665371677562
32,7,Barry Williams,0.11732270067332246
32,7,Charity Lawson,0.17291211829601927
32,7,Harry Jowsey,0.15693358446191635
32,7,Jason Mraz,0.1252753792171451
32,7,Lele Pons,0.04182060115503914
32,7,Xochitl Gomez,0.12115705208268537
32,8,Alyson Hannigan,0.130294102793797
32,8,Ariana Madix,0.1743615832637826
32,8,Barry Williams,0.10112614421081656
32,8,Charity Lawson,0.167549043866385
32,8,Harry Jowsey,0.1700380020355001
32,8,Jason Mraz,0.17344315465960794
32,8,Xochitl Gomez,0.1535002429140656
32,9,Alyson Hannigan,0.2062250343477552
32,9,Ariana Madix,0.1953907248481362
32,9,Charity Lawson,0.16078954930992267
32,9,Harry Jowsey,0.17566114206668623
32,9,Jason Mraz,0.13159536351452675
32,9,Xochitl Gomez,0.2415352460976265
32,10,Alyson Hannigan,0.16788750787194368
32,10,Ariana Madix,0.22861298144711412
32,10,Charity Lawson,0.242264745756492
32,10,Jason Mraz,0.20492793939902834
32,10,Xochitl Gomez,0.1988482548412337
32,11,Alyson Hannigan,0.20568429987190556
32,11,Ariana Madix,0.1960953934223348
32,11,Charity Lawson,0.20908512465689838
32,11,Jason Mraz,0.26556135654484286
32,11,Xochitl Gomez,0.20678915920921037
33,1,Anna Delvey,0.08006247478263288
33,1,Brooks Nader,0.1050283612760518
33,1,Chandler Kinney,0.09628661265318071
33,1,Danny Amendola,0.10112577966761001
33,1,Dwight Howard ,0.09687888173791696
33,1,Eric Roberts,0.0926362203064432
33,1,Ilona Maher,0.09654347385445666
33,1,Jenn Tran,0.09500573948134741
33,1,Joey Graziadei,0.08944102382251551
33,1,Phaedra Parks,0.1003604915814458
33,1,Reginald VelJohnson,0.10190146975973285
33,1,Stephen Nedoroscik,0.08205524322230918
33,1,Tori Spelling,0.09443914505751144
33,2,Anna Delvey,0.09292906446929092
33,2,Brooks Nader,0.09421033733128423
33,2,Chandler Kinney,0.0848977346319487
33,2,Danny Amendola,0.08695880746904072
33,2,Dwight Howard ,0.10124009575454647
33,2,Eric Roberts,0.08712543641071915
33,2,Ilona Maher,0.10474681414125123
33,2,Jenn Tran,0.09646054061325972
33,2,Joey Graziadei,0.1048362852749781
33,2,Phaedra Parks,0.09348358331857191
33,2,Reginald VelJohnson,0.09985193626602523
33,2,Stephen Nedoroscik,0.08887467517203745
33,2,Tori Spelling,0.09612480176758287
33,3,Brooks Nader,0.11831722512048312
33,3,Chandler Kinney,0.11243264168720851
33,3,Danny Amendola,0.12287429832115405
33,3,Dwight Howard ,0.10554858038440443
33,3,Eric Roberts,0.11109360508986466
33,3,Ilona Maher,0.10535211474179927
33,3,Jenn Tran,0.10849667039897004
33,3,Joey Graziadei,0.10735170043298985
33,3,Phaedra Parks,0.09276791274673939
33,3,Reginald VelJohnson,0.10639465197637087
33,3,Stephen Nedoroscik,0.1087722682327074
33,4,Brooks Nader,0.06479384632456024
33,4,Chandler Kinney,0.1527180183475308
33,4,Danny Amendola,0.13772992913725485
33,4,Dwight Howard ,0.14764713753932507
33,4,Ilona Maher,0.1269296487929094
33,4,Jenn Tran,0.1283052587355707
33,4,Joey Graziadei,0.13297296185860033
33,4,Phaedra Parks,0.1238484711226237
33,4,Stephen Nedoroscik,0.1259464916002188
33,5,Chandler Kinney,0.1639000594036812
33,5,Danny Amendola,0.1671441987439929
33,5,Dwight Howard ,0.12404024802582833
33,5,Ilona Maher,0.11368681623757423
33,5,Jenn Tran,0.1199597165774132
33,5,Joey Graziadei,0.1597596398307186
33,5,Phaedra Parks,0.11140434906588711
33,5,Stephen Nedoroscik,0.1601952834566853
33,6,Chandler Kinney,0.15087362490968428
33,6,Danny Amendola,0.16426342555835508
33,6,Dwight Howard ,0.14490692193392585
33,6,Ilona Maher,0.18190123636013736
33,6,Jenn Tran,0.05776977457818728
33,6,Joey Graziadei,0.18159363852466542
33,6,Stephen Nedoroscik,0.16521704196654552
33,7,Chandler Kinney,0.1621717293422017
33,7,Danny Amendola,0.18032459098557665
33,7,Dwight Howard ,0.16075657315539435
33,7,Ilona Maher,0.20890733579694898
33,7,Joey Graziadei,0.1811219800522471
33,7,Stephen Nedoroscik,0.16772692268351863
33,8,Chandler Kinney,0.2321629856951045
33,8,Danny Amendola,0.14384739483748538
33,8,Ilona Maher,0.1842460660303188
33,8,Joey Graziadei,0.2218765398852388
33,8,Stephen Nedoroscik,0.27208497589669234
33,9,Chandler Kinney,0.24826855499739475
33,9,Danny Amendola,0.2199480552760939
33,9,Ilona Maher,0.259101049714446
33,9,Joey Graziadei,0.16134193370351313
33,9,Stephen Nedoroscik,0.28712470483238284
34,1,Alix Earle,0.09411249514865946
34,1,Andy Richter,0.08218100358662668
34,1,Baron Davis,0.0943872031963682
34,1,Corey Feldman,0.09190976997625291
34,1,Danielle Fishel,0.10173869477683907
34,1,Dylan Efron,0.09738013495011592
34,1,Elaine Hendrix,0.0951796186758602
34,1,Hilaria Baldwin,0.0863214664770253
34,1,Jen Affleck,0.08593552158296766
34,1,Jordan Chiles,0.08966278181071782
34,1,Lauren Jauregui,0.08802438246873218
34,1,Robert Irwin,0.08984343981039829
34,1,Scott Hoying,0.0858317031710295
34,1,Whitney Leavitt,0.09020050242465576
34,2,Alix Earle,0.08297651947611148
34,2,Andy Richter,0.0867628107070924
34,2,Baron Davis,0.0898727395457019
34,2,Corey Feldman,0.09770569405131026
34,2,Danielle Fishel,0.07992359856823317
34,2,Dylan Efron,0.0867843951475014
34,2,Elaine Hendrix,0.08891394579813533
34,2,Hilaria Baldwin,0.09871607987906655
34,2,Jen Affleck,0.08498311184425629
34,2,Jordan Chiles,0.09469194577572974
34,2,Lauren Jauregui,0.08287980650064337
34,2,Robert Irwin,0.08659796958536926
34,2,Scott Hoying,0.08135507408183797
34,2,Whitney Leavitt,0.08659824839191162
34,3,Alix Earle,0.10797531851983258
34,3,Andy Richter,0.12053003491355617
34,3,Danielle Fishel,0.10688848038087166
34,3,Dylan Efron,0.10728079357503445
34,3,Elaine Hendrix,0.09109654364547991
34,3,Hilaria Baldwin,0.10190336541986729
34,3,Jen Affleck,0.1019922278077792
34,3,Jordan Chiles,0.10589933042128413
34,3,Lauren Jauregui,0.08403162055323485
34,3,Robert Irwin,0.10368327833401134
34,3,Scott Hoying,0.10889993485230877
34,3,Whitney Leavitt,0.0974858935932745
34,4,Alix Earle,0.10043029802997827
34,4,Andy Richter,0.12354142548684746
34,4,Danielle Fishel,0.13538817808224607
34,4,Dylan Efron,0.10240834707616536
34,4,Elaine Hendrix,0.11573721477240262
34,4,Hilaria Baldwin,0.046683071035431206
34,4,Jen Affleck,0.10205223181808012
34,4,Jordan Chiles,0.10687151970634137
34,4,Robert Irwin,0.11476951982610395
34,4,Scott Hoying,0.11887620005217372
34,4,Whitney Leavitt,0.10263641344848284
34,5,Alix Earle,0.10881322837114818
34,5,Andy Richter,0.10976381130128096
34,5,Danielle Fishel,0.09274948517020795
34,5,Dylan Efron,0.1499984766738476
34,5,Elaine Hendrix,0.10097686418884164
34,5,Jen Affleck,0.11933112183608896
34,5,Jordan Chiles,0.13813282615239908
34,5,Robert Irwin,0.13341046073521184
34,5,Scott Hoying,0.12043648530463447
34,5,Whitney Leavitt,0.12261818410249958
34,6,Alix Earle,0.12267286377931683
34,6,Andy Richter,0.10057931943394963
34,6,Danielle Fishel,0.11415276317972955
34,6,Dylan Efron,0.11977736803130401
34,6,Elaine Hendrix,0.12490592872946907
34,6,Jen Affleck,0.11187744288945127
34,6,Jordan Chiles,0.12483031621058799
34,6,Robert Irwin,0.11728777806952301
34,6,Scott Hoying,0.10429475877707634
34,6,Whitney Leavitt,0.10380233912919348
34,7,Alix Earle,0.13570134417068958
34,7,Andy Richter,0.1181992027918758
34,7,Danielle Fishel,0.13212503957697952
34,7,Dylan Efron,0.13328361582285822
34,7,Elaine Hendrix,0.11129490649523342
34,7,Jen Affleck,0.09724841257598922
34,7,Jordan Chiles,0.13430282309039548
34,7,Robert Irwin,0.15040344558823732
34,7,Whitney Leavitt,0.16537606578780395
34,8,Alix Earle,0.14531883420842845
34,8,Andy Richter,0.1375877967436194
34,8,Danielle Fishel,0.134038804571197
34,8,Dylan Efron,0.15548730341477107
34,8,Elaine Hendrix,0.17731730624745515
34,8,Jordan Chiles,0.15367377978912228
34,8,Robert Irwin,0.1256782872916725
34,8,Whitney Leavitt,0.18282903780456203
34,9,Alix Earle,0.1429266983956291
34,9,Andy Richter,0.18347141680462828
34,9,Dylan Efron,0.17745013269449228
34,9,Elaine Hendrix,0.1570999343759754
34,9,Jordan Chiles,0.15503450385385475
34,9,Robert Irwin,0.1574884037090689
34,9,Whitney Leavitt,0.1730179643441263
34,10,Alix Earle,0.19494873770941695
34,10,Dylan Efron,0.16752838835380077
34,10,Elaine Hendrix,0.16566640469540514
34,10,Jordan Chiles,0.15624208881272833
34,10,Robert Irwin,0.15546237404191857
34,10,Whitney Leavitt,0.051345673661378995
34,11,Alix Earle,0.1584991264934778
34,11,Dylan Efron,0.26421665214748286
34,11,Elaine Hendrix,0.18633106855148127
34,11,Jordan Chiles,0.2377830980874064
34,11,Robert Irwin,0.23690294492893413
